# CC0 male base mesh (orange-juice-games)
o body
v -0.056933 0.075000 -0.120000
v -0.056933 0.075000 -0.120000
v -0.033733 0.300000 -0.125000
v 0.101467 0.075270 -0.124000
v 0.101467 0.075270 -0.124000
v 0.124667 0.300000 -0.125000
v -0.072773 0.464994 -0.195930
v -0.072773 0.464994 -0.195930
v 0.077307 0.460767 -0.186867
v 0.077307 0.460767 -0.186867
v -0.060720 0.300000 -0.072500
v 0.130140 -0.000000 -0.045000
v 0.130140 -0.000000 -0.045000
v -0.108980 -0.000000 -0.045000
v -0.108980 -0.000000 -0.045000
v 0.148400 0.300000 -0.062500
v -0.100892 0.470000 -0.102750
v 0.152052 0.470000 -0.102750
v -0.042313 0.154000 -0.118250
v 0.106087 0.153784 -0.118250
v 0.136531 0.134500 -0.059125
v -0.092589 0.094500 -0.059125
v 0.022267 0.100000 -0.150000
v 0.022267 0.100000 -0.150000
v 0.022267 0.100000 -0.150000
v 0.022267 0.100000 -0.150000
v 0.045467 0.300000 -0.155000
v 0.045467 0.300000 -0.155000
v -0.007733 0.460767 -0.186867
v -0.007733 0.460767 -0.186867
v -0.007733 0.460767 -0.186867
v 0.026887 0.170000 -0.148250
v 0.026887 0.170000 -0.148250
v -0.100892 0.550000 -0.092750
v -0.072773 0.545427 -0.149433
v 0.067307 0.544555 -0.139471
v 0.122052 0.550000 -0.092750
v -0.090892 0.610000 -0.072750
v -0.062773 0.613417 -0.123409
v -0.007733 0.613417 -0.123409
v 0.037307 0.612545 -0.113447
v 0.072052 0.610000 -0.072750
v -0.068980 -0.070000 -0.015000
v -0.068980 -0.070000 -0.015000
v 0.090140 -0.070000 -0.015000
v 0.090140 -0.070000 -0.015000
v 0.020580 -0.080000 -0.015000
v 0.020580 -0.080000 -0.015000
v 0.020580 -0.080000 -0.015000
v 0.020580 -0.080000 -0.015000
v -0.065544 -0.026852 -0.142732
v 0.093333 -0.026236 -0.147293
v 0.126497 -0.064461 -0.099812
v -0.094047 -0.065332 -0.093362
v 0.017929 -0.010658 -0.168799
v 0.017929 -0.010658 -0.168799
v -0.060882 -0.103557 -0.036881
v 0.097995 -0.102941 -0.041443
v 0.024522 -0.119135 -0.015376
v 0.024522 -0.119135 -0.015376
v 0.018667 -0.364523 -0.159650
v 0.018667 -0.364523 -0.159650
v -0.037907 -0.364171 -0.138956
v 0.102265 -0.367040 -0.096068
v 0.076729 -0.365711 -0.141885
v -0.059853 -0.364861 -0.091925
v -0.034317 -0.366190 -0.046108
v 0.080318 -0.367730 -0.049037
v 0.023744 -0.367378 -0.028343
v 0.023744 -0.367378 -0.028343
v -0.054310 -0.188669 -0.040127
v -0.042902 -0.284968 -0.042448
v -0.073789 -0.269978 -0.094791
v -0.087994 -0.160150 -0.097813
v 0.121515 -0.160310 -0.104231
v 0.112630 -0.271256 -0.100532
v 0.086085 -0.285872 -0.046508
v 0.092566 -0.188782 -0.044666
v -0.010503 -0.453986 -0.144989
v -0.010503 -0.453986 -0.144989
v -0.058241 -0.436273 -0.126364
v 0.059423 -0.481847 -0.087765
v 0.038235 -0.472863 -0.129001
v -0.077014 -0.430102 -0.084036
v -0.055826 -0.439086 -0.042800
v -0.010547 -0.825185 -0.103192
v -0.010547 -0.825185 -0.103192
v 0.040649 -0.475676 -0.045437
v -0.007088 -0.457963 -0.026812
v -0.007088 -0.457963 -0.026812
v -0.020416 0.227000 -0.121625
v 0.117644 0.226892 -0.121625
v 0.142024 0.217250 -0.060812
v -0.046184 0.217250 -0.060812
v 0.046364 0.235000 -0.151625
v 0.046364 0.235000 -0.151625
v -0.020235 -0.554176 -0.146303
v -0.020235 -0.554176 -0.146303
v -0.068688 -0.544337 -0.127113
v 0.051062 -0.570616 -0.087343
v 0.029367 -0.565061 -0.129830
v -0.087610 -0.541308 -0.083501
v -0.065915 -0.546863 -0.041014
v 0.032140 -0.567587 -0.043730
v -0.016313 -0.557749 -0.024540
v -0.016313 -0.557749 -0.024540
v -0.038271 -0.824993 -0.091924
v 0.030420 -0.826556 -0.068571
v 0.017906 -0.825832 -0.093519
v -0.049026 -0.825369 -0.066315
v -0.036512 -0.826093 -0.041368
v -0.010547 -0.995185 -0.103192
v -0.010547 -0.995185 -0.103192
v 0.019665 -0.826932 -0.042963
v -0.008059 -0.826740 -0.031695
v -0.008059 -0.826740 -0.031695
v 0.067307 0.473446 -0.214056
v 0.067307 0.473446 -0.214056
v 0.067307 0.473446 -0.214056
v -0.072773 0.549784 -0.199243
v -0.072773 0.477672 -0.223119
v -0.072773 0.477672 -0.223119
v 0.057307 0.548913 -0.189281
v 0.027307 0.606941 -0.164128
v -0.007733 0.607813 -0.174090
v -0.052773 0.607813 -0.174090
v -0.012400 0.504817 -0.270289
v -0.012400 0.504817 -0.270289
v 0.045632 0.494674 -0.248537
v 0.045632 0.494674 -0.248537
v -0.010400 0.543133 -0.253250
v -0.056432 0.541390 -0.233327
v -0.056432 0.498055 -0.255788
v -0.056432 0.498055 -0.255788
v 0.043632 0.540692 -0.225357
v 0.029632 0.587202 -0.206231
v -0.008400 0.589294 -0.230139
v -0.048432 0.587900 -0.214200
v -0.016899 0.304076 -0.319846
v 0.021319 0.312842 -0.329839
v 0.037097 0.332453 -0.355008
v 0.037097 0.332453 -0.355008
v -0.055169 0.311291 -0.330885
v -0.071073 0.330259 -0.356488
v -0.055295 0.349871 -0.381657
v 0.021192 0.351422 -0.380611
v -0.017078 0.358636 -0.391649
v -0.006080 0.260504 -0.346866
v 0.031291 0.273393 -0.356189
v 0.046235 0.296165 -0.382938
v 0.046235 0.296165 -0.382938
v -0.043985 0.265047 -0.360432
v -0.060220 0.284361 -0.388940
v -0.045275 0.307133 -0.415690
v 0.030000 0.315479 -0.411446
v -0.007905 0.320022 -0.425012
v 0.033631 0.101132 -0.487877
v 0.033631 0.101132 -0.487877
v 0.058544 0.107799 -0.494810
v 0.058544 0.107799 -0.494810
v 0.058544 0.107799 -0.494810
v 0.061765 0.118520 -0.513187
v 0.061765 0.118520 -0.513187
v 0.061765 0.118520 -0.513187
v 0.008361 0.102425 -0.496450
v 0.008361 0.102425 -0.496450
v 0.004279 0.110921 -0.515506
v 0.004279 0.110921 -0.515506
v 0.004279 0.110921 -0.515506
v 0.007500 0.119730 -0.527453
v 0.007500 0.119730 -0.527453
v 0.057684 0.125103 -0.525813
v 0.057684 0.125103 -0.525813
v 0.032414 0.125122 -0.530099
v 0.032414 0.125122 -0.530099
v -0.065448 0.645120 -0.025078
v -0.065448 0.645120 -0.025078
v -0.041775 0.645120 -0.052604
v -0.041775 0.645120 -0.052604
v -0.008886 0.645120 -0.063290
v -0.008886 0.645120 -0.063290
v 0.024405 0.645120 -0.054274
v 0.024405 0.645120 -0.054274
v 0.049178 0.645120 -0.027970
v 0.049178 0.645120 -0.027970
v -0.063668 0.706270 -0.024819
v -0.040698 0.706270 -0.046672
v -0.008786 0.706270 -0.055155
v 0.023516 0.706270 -0.047997
v 0.047554 0.706270 -0.027115
v 0.004082 -0.409254 -0.152320
v 0.004082 -0.409254 -0.152320
v 0.008328 -0.412671 -0.027577
v 0.008328 -0.412671 -0.027577
v 0.057482 -0.419287 -0.135443
v 0.080844 -0.424444 -0.091916
v 0.060484 -0.421703 -0.047237
v -0.012491 0.339329 -0.408331
v -0.066647 0.307310 -0.372714
v -0.050577 0.288169 -0.345659
v 0.018246 -0.119932 -0.180725
v 0.018246 -0.119932 -0.180725
v 0.018517 -0.249683 -0.177634
v 0.018517 -0.249683 -0.177634
v -0.047244 -0.255362 -0.151215
v -0.059045 -0.131679 -0.153178
v 0.024657 -0.291551 -0.020088
v 0.024657 -0.291551 -0.020088
v 0.024942 -0.200529 -0.017119
v 0.024942 -0.200529 -0.017119
v 0.087831 -0.131792 -0.157717
v 0.081743 -0.256266 -0.155274
v -0.018887 0.217095 -0.472343
v 0.012255 0.227425 -0.479839
v 0.057371 0.208277 -0.446048
v 0.057371 0.208277 -0.446048
v 0.044917 0.190017 -0.424555
v -0.017812 0.183340 -0.427951
v 0.013775 0.179687 -0.417059
v 0.043842 0.223772 -0.468947
v -0.031341 0.198835 -0.450850
v -0.051285 0.328502 -0.398674
v -0.011489 0.282290 -0.333356
v 0.018867 0.381200 -0.169206
v 0.018867 0.381200 -0.169206
v 0.100987 0.381200 -0.154206
v -0.053253 0.382910 -0.158904
v -0.080806 0.385000 -0.081625
v 0.150226 0.385000 -0.076625
v -0.062663 0.359150 -0.285639
v -0.068720 0.414419 -0.237111
v -0.074192 0.430358 -0.265871
v -0.073607 0.377351 -0.313828
v -0.015680 0.407520 -0.356077
v -0.014071 0.460084 -0.312437
v 0.039028 0.450195 -0.292825
v 0.030620 0.398684 -0.340317
v -0.057519 0.452069 -0.298416
v -0.057128 0.398784 -0.343676
v 0.060867 0.411938 -0.230217
v 0.041605 0.358746 -0.281627
v 0.049021 0.377409 -0.309505
v 0.049021 0.377409 -0.309505
v 0.059415 0.428108 -0.258821
v 0.059415 0.428108 -0.258821
v -0.010798 0.408786 -0.226624
v -0.013952 0.352442 -0.274441
v -0.010547 -0.905185 -0.103192
v -0.010547 -0.905185 -0.103192
v -0.010547 -0.905185 -0.103192
v -0.038271 -0.904993 -0.091924
v -0.038271 -0.904993 -0.091924
v 0.030420 -0.906556 -0.068571
v 0.030420 -0.906556 -0.068571
v 0.017906 -0.905832 -0.093519
v 0.017906 -0.905832 -0.093519
v -0.049026 -0.905369 -0.066315
v -0.049026 -0.905369 -0.066315
v -0.036512 -0.906093 -0.041368
v -0.036512 -0.906093 -0.041368
v 0.160419 -0.966555 -0.068571
v 0.019665 -0.906932 -0.042963
v 0.019665 -0.906932 -0.042963
v -0.008059 -0.906740 -0.031695
v -0.008059 -0.906740 -0.031695
v -0.008059 -0.906740 -0.031695
v -0.038271 -0.994993 -0.091924
v -0.038271 -0.994993 -0.091924
v 0.030420 -0.996555 -0.068571
v 0.017906 -0.995832 -0.093519
v -0.049026 -0.995369 -0.066315
v -0.049026 -0.995369 -0.066315
v -0.036512 -0.996092 -0.041368
v -0.036512 -0.996092 -0.041368
v -0.009585 -0.996094 -0.067635
v 0.019665 -0.996931 -0.042963
v -0.008059 -0.996740 -0.031695
v -0.008059 -0.996740 -0.031695
v 0.153905 -0.965832 -0.096519
v 0.135452 -0.965185 -0.113192
v 0.160419 -0.996555 -0.068571
v 0.160419 -0.996555 -0.068571
v 0.159664 -0.996931 -0.040963
v 0.159664 -0.996931 -0.040963
v 0.159664 -0.966931 -0.040963
v 0.149940 -0.966740 -0.021695
v 0.149940 -0.996740 -0.021695
v 0.149940 -0.996740 -0.021695
v 0.153905 -0.995832 -0.096519
v 0.153905 -0.995832 -0.096519
v 0.135452 -0.995185 -0.113192
v 0.135452 -0.995185 -0.113192
v 0.085905 -0.945832 -0.095019
v 0.095420 -0.946555 -0.068571
v 0.089665 -0.946931 -0.041963
v 0.062452 -0.945185 -0.108192
v 0.062452 -0.995185 -0.108192
v 0.062452 -0.995185 -0.108192
v 0.089664 -0.993931 -0.041963
v 0.071940 -0.986740 -0.026695
v 0.071940 -0.986740 -0.026695
v 0.071940 -0.946740 -0.026695
v 0.085905 -0.995832 -0.095019
v 0.095420 -0.996555 -0.068571
v 0.039996 0.024512 -0.552433
v 0.079676 0.028308 -0.557853
v 0.084560 0.032752 -0.566459
v 0.084560 0.032752 -0.566459
v 0.000751 0.023384 -0.553110
v -0.005552 0.026974 -0.560768
v -0.005552 0.026974 -0.560768
v 0.039234 0.029962 -0.563793
v 0.039234 0.029962 -0.563793
v -0.000486 0.032700 -0.571940
v 0.078439 0.037623 -0.576683
v 0.038101 0.037498 -0.578164
v -0.003574 0.085327 -0.550339
v 0.034096 0.091805 -0.554253
v 0.076040 0.073884 -0.530896
v 0.076040 0.073884 -0.530896
v -0.002273 0.069358 -0.515370
v 0.035935 0.071349 -0.509097
v 0.072304 0.092252 -0.548871
v -0.008444 0.075582 -0.534376
v -0.008444 0.075582 -0.534376
v 0.061039 0.037175 -0.577747
v 0.015492 0.034713 -0.575376
v 0.016326 0.028468 -0.562280
v 0.016326 0.028468 -0.562280
v 0.017058 0.023833 -0.552045
v 0.062864 0.031357 -0.565126
v 0.062864 0.031357 -0.565126
v 0.062605 0.026295 -0.554417
v 0.035935 0.055623 -0.526407
v 0.034096 0.069472 -0.564574
v 0.055200 0.068339 -0.564643
v 0.016831 0.054508 -0.527555
v 0.056770 0.057971 -0.526820
v 0.015261 0.065581 -0.565052
v 0.007852 -0.048712 -0.556175
v 0.009561 0.017340 -0.575785
v 0.012437 -0.047169 -0.550060
v 0.012437 -0.047169 -0.550060
v 0.016182 0.015642 -0.567982
v 0.016182 0.015642 -0.567982
v 0.008860 -0.040492 -0.547851
v 0.011996 0.015144 -0.558747
v 0.000698 -0.039044 -0.547832
v 0.001190 0.016343 -0.557316
v -0.003887 -0.044274 -0.550021
v -0.003887 -0.044274 -0.550021
v -0.005431 0.018042 -0.565119
v -0.005431 0.018042 -0.565119
v -0.000310 -0.047265 -0.556156
v -0.001246 0.018540 -0.574353
v 0.029800 -0.074488 -0.564406
v 0.032189 0.024010 -0.580355
v 0.036583 -0.072789 -0.560762
v 0.036583 -0.072789 -0.560762
v 0.039806 0.022876 -0.572711
v 0.039806 0.022876 -0.572711
v 0.034757 -0.065550 -0.557070
v 0.035590 0.021146 -0.563510
v 0.026148 -0.064542 -0.554909
v 0.023758 0.020550 -0.561952
v 0.019365 -0.070773 -0.556439
v 0.019365 -0.070773 -0.556439
v 0.016142 0.021684 -0.569596
v 0.016142 0.021684 -0.569596
v 0.021191 -0.073480 -0.562245
v 0.020357 0.023413 -0.578798
v 0.063465 -0.082504 -0.571859
v 0.056420 0.024639 -0.580608
v 0.067708 -0.080469 -0.565684
v 0.067708 -0.080469 -0.565684
v 0.063057 0.023800 -0.572678
v 0.063057 0.023800 -0.572678
v 0.063636 -0.074703 -0.563355
v 0.058797 0.022232 -0.563592
v 0.055321 -0.074658 -0.563275
v 0.047900 0.021504 -0.562438
v 0.051078 -0.080379 -0.565525
v 0.051078 -0.080379 -0.565525
v 0.041263 0.022343 -0.570368
v 0.041263 0.022343 -0.570368
v 0.055150 -0.082459 -0.571780
v 0.045523 0.023910 -0.579454
v 0.083846 -0.073134 -0.576001
v 0.078202 0.027663 -0.576781
v 0.087605 -0.070742 -0.569696
v 0.087605 -0.070742 -0.569696
v 0.085143 0.025049 -0.569476
v 0.085143 0.025049 -0.569476
v 0.083077 -0.067095 -0.566607
v 0.081226 0.022148 -0.560594
v 0.074791 -0.067713 -0.566742
v 0.070369 0.021861 -0.559015
v 0.071031 -0.071979 -0.569966
v 0.071031 -0.071979 -0.569966
v 0.063428 0.024474 -0.566319
v 0.063428 0.024474 -0.566319
v 0.075559 -0.073752 -0.576136
v 0.067344 0.027375 -0.575202
v 0.082247 -0.020395 -0.566341
v 0.072132 -0.020862 -0.565540
v 0.066435 -0.021074 -0.572498
v 0.066435 -0.021074 -0.572498
v 0.082871 -0.046815 -0.566971
v 0.073210 -0.047418 -0.566697
v 0.061452 -0.025969 -0.568719
v 0.051384 -0.026309 -0.568097
v 0.062913 -0.056427 -0.564622
v 0.053300 -0.056553 -0.564294
v 0.030239 -0.064046 -0.570669
v 0.017915 -0.047872 -0.566613
v 0.017915 -0.047872 -0.566613
v 0.035550 -0.022354 -0.566532
v 0.024852 -0.022092 -0.564552
v 0.020420 -0.051353 -0.573960
v 0.020615 -0.062895 -0.568571
v 0.035524 -0.051347 -0.561770
v 0.025562 -0.050149 -0.559693
v -0.005322 -0.026049 -0.559082
v -0.005322 -0.026049 -0.559082
v -0.000976 -0.037877 -0.562105
v 0.010209 -0.011760 -0.557189
v 0.000185 -0.010376 -0.556392
v 0.013873 -0.029017 -0.559983
v 0.013873 -0.029017 -0.559983
v 0.008189 -0.039369 -0.562388
v 0.009748 -0.030341 -0.551333
v 0.000249 -0.028833 -0.550962
v 0.090073 -0.011786 -0.513944
v 0.090073 -0.011786 -0.513944
v 0.081417 -0.006236 -0.517413
v 0.068354 0.039578 -0.502084
v 0.080973 -0.002973 -0.523691
v 0.068712 0.037023 -0.514826
v 0.088566 -0.004824 -0.528351
v 0.088566 -0.004824 -0.528351
v 0.096603 -0.003937 -0.526733
v 0.097666 -0.007637 -0.518604
v 0.067354 0.080819 -0.495301
v 0.067354 0.080819 -0.495301
v 0.052324 0.054186 -0.511961
v 0.075940 0.052761 -0.526095
v 0.075940 0.052761 -0.526095
v 0.073612 0.087997 -0.508853
v 0.050992 0.070355 -0.494981
v 0.083065 0.068274 -0.525193
v 0.076213 0.006677 -0.511037
v 0.076142 0.009413 -0.519302
v 0.080276 -0.013347 -0.580989
v 0.069976 -0.013770 -0.579994
v 0.086284 -0.013842 -0.573944
v 0.086284 -0.013842 -0.573944
v 0.065683 -0.014686 -0.571954
v 0.065683 -0.014686 -0.571954
v 0.071389 -0.027989 -0.580381
v 0.086898 -0.026993 -0.574109
v 0.086898 -0.026993 -0.574109
v 0.066894 -0.027995 -0.572771
v 0.066894 -0.027995 -0.572771
v 0.081391 -0.027487 -0.581050
v 0.082341 -0.043545 -0.581032
v 0.072595 -0.044122 -0.580659
v 0.087421 -0.042414 -0.574129
v 0.087421 -0.042414 -0.574129
v 0.067928 -0.043569 -0.573383
v 0.067928 -0.043569 -0.573383
v 0.068962 -0.054565 -0.572682
v 0.068962 -0.054565 -0.572682
v 0.082955 -0.054956 -0.579769
v 0.073638 -0.055563 -0.579598
v 0.087598 -0.053351 -0.573026
v 0.087598 -0.053351 -0.573026
v 0.067090 -0.051955 -0.572931
v 0.067090 -0.051955 -0.572931
v 0.052146 -0.053524 -0.579704
v 0.061844 -0.053358 -0.580088
v 0.047695 -0.052285 -0.572164
v 0.047695 -0.052285 -0.572164
v 0.049414 -0.019696 -0.582902
v 0.065426 -0.018820 -0.576127
v 0.065426 -0.018820 -0.576127
v 0.045042 -0.019615 -0.574724
v 0.045042 -0.019615 -0.574724
v 0.059607 -0.019298 -0.583604
v 0.046320 -0.034794 -0.574469
v 0.046320 -0.034794 -0.574469
v 0.060684 -0.035146 -0.582888
v 0.050730 -0.035432 -0.582339
v 0.066228 -0.034222 -0.575565
v 0.066228 -0.034222 -0.575565
v 0.062539 -0.065198 -0.577331
v 0.067460 -0.063516 -0.570460
v 0.067460 -0.063516 -0.570460
v 0.053251 -0.065280 -0.577064
v 0.048884 -0.063682 -0.569928
v 0.048884 -0.063682 -0.569928
v 0.031287 -0.015466 -0.581061
v 0.020404 -0.031859 -0.577427
v 0.020390 -0.015354 -0.579155
v 0.038488 -0.031227 -0.573388
v 0.038488 -0.031227 -0.573388
v 0.038871 -0.015160 -0.574485
v 0.038871 -0.015160 -0.574485
v 0.017459 -0.030234 -0.569380
v 0.017459 -0.030234 -0.569380
v 0.017077 -0.014936 -0.570673
v 0.017077 -0.014936 -0.570673
v 0.030918 -0.032355 -0.579431
v 0.030479 -0.052429 -0.576025
v 0.038032 -0.050023 -0.570742
v 0.038032 -0.050023 -0.570742
v 0.037597 -0.061614 -0.565917
v 0.037597 -0.061614 -0.565917
v 0.018350 -0.059312 -0.561720
v 0.018350 -0.059312 -0.561720
v 0.008350 -0.018011 -0.570961
v 0.014168 -0.017915 -0.563688
v 0.014168 -0.017915 -0.563688
v -0.005618 -0.015086 -0.562308
v -0.005618 -0.015086 -0.562308
v -0.001587 -0.006189 -0.572319
v 0.014629 -0.007972 -0.565799
v 0.014629 -0.007972 -0.565799
v -0.005694 -0.005269 -0.563983
v -0.005694 -0.005269 -0.563983
v 0.008575 -0.007541 -0.573227
v -0.001544 -0.016596 -0.570271
v 0.008314 -0.029694 -0.567084
v -0.004890 -0.035346 -0.555010
v -0.004890 -0.035346 -0.555010
v 0.013440 -0.038331 -0.555576
v 0.013440 -0.038331 -0.555576
v -0.001284 -0.028210 -0.566634
v 0.090179 0.039917 -0.505442
v 0.080566 0.033594 -0.522604
v 0.080566 0.033594 -0.522604
v 0.080183 0.036443 -0.498782
v 0.080183 0.036443 -0.498782
v 0.090311 0.038300 -0.517640
v 0.087656 0.051173 -0.518086
v 0.085458 0.057474 -0.504519
v 0.078276 0.043129 -0.522697
v 0.078276 0.043129 -0.522697
v 0.076163 0.053839 -0.495792
v 0.076163 0.053839 -0.495792
v 0.084424 0.014737 -0.504609
v 0.084424 0.014737 -0.504609
v 0.084006 0.017314 -0.524443
v 0.084006 0.017314 -0.524443
v 0.093402 0.018497 -0.510422
v 0.092991 0.019132 -0.521319
v 0.085791 0.009477 -0.525765
v 0.085791 0.009477 -0.525765
v 0.095072 0.007947 -0.513401
v 0.086631 0.004036 -0.508036
v 0.086631 0.004036 -0.508036
v 0.094375 0.009771 -0.523611
v -0.006275 0.039126 -0.554170
v -0.006275 0.039126 -0.554170
v 0.015434 0.048430 -0.570795
v 0.083039 0.045907 -0.557919
v 0.083039 0.045907 -0.557919
v 0.076905 0.051281 -0.569730
v 0.037100 0.050492 -0.572766
v -0.001258 0.045857 -0.566540
v 0.059579 0.050966 -0.572471
v -0.072033 0.748373 -0.033506
v -0.041494 0.741009 -0.063007
v -0.008968 0.735508 -0.074460
v 0.043878 0.727935 -0.054797
v 0.085736 0.722300 -0.029285
v 0.089038 0.803300 -0.042466
v 0.086991 0.871023 -0.041472
v -0.095987 0.871023 -0.037959
v -0.095051 0.803300 -0.038870
v -0.059076 0.803300 -0.073094
v -0.057885 0.871023 -0.071382
v -0.069084 0.929241 -0.027244
v -0.043870 0.929241 -0.051232
v -0.008840 0.929241 -0.060545
v 0.036519 0.929241 -0.052687
v 0.062906 0.929241 -0.029765
v 0.051392 0.803300 -0.065170
v 0.050227 0.871023 -0.063409
v -0.009098 0.803300 -0.086381
v -0.009078 0.871023 -0.084357
v -0.056933 0.075000 0.120000
v -0.056933 0.075000 0.120000
v -0.033733 0.300000 0.125000
v 0.101467 0.075270 0.124000
v 0.101467 0.075270 0.124000
v 0.124667 0.300000 0.125000
v -0.072773 0.464994 0.195930
v -0.072773 0.464994 0.195930
v 0.077307 0.460767 0.186867
v 0.077307 0.460767 0.186867
v -0.060720 0.300000 0.072500
v 0.130140 -0.000000 0.045000
v 0.130140 -0.000000 0.045000
v -0.108980 -0.000000 0.045000
v -0.108980 -0.000000 0.045000
v 0.148400 0.300000 0.062500
v -0.100892 0.470000 0.102750
v 0.152052 0.470000 0.102750
v -0.042313 0.154000 0.118250
v 0.106087 0.153784 0.118250
v 0.136531 0.134500 0.059125
v -0.092589 0.094500 0.059125
v 0.022267 0.100000 0.150000
v 0.022267 0.100000 0.150000
v 0.022267 0.100000 0.150000
v 0.022267 0.100000 0.150000
v 0.045467 0.300000 0.155000
v 0.045467 0.300000 0.155000
v -0.007733 0.460767 0.186867
v -0.007733 0.460767 0.186867
v -0.007733 0.460767 0.186867
v 0.026887 0.170000 0.148250
v 0.026887 0.170000 0.148250
v -0.100892 0.550000 0.092750
v -0.072773 0.545427 0.149434
v 0.067307 0.544555 0.139472
v 0.122052 0.550000 0.092750
v -0.090892 0.610000 0.072750
v -0.062773 0.613417 0.123409
v -0.007733 0.613417 0.123409
v 0.037307 0.612546 0.113447
v 0.072052 0.610000 0.072750
v -0.068980 -0.070000 0.015000
v -0.068980 -0.070000 0.015000
v 0.090140 -0.070000 0.015000
v 0.090140 -0.070000 0.015000
v 0.020580 -0.080000 0.015000
v 0.020580 -0.080000 0.015000
v 0.020580 -0.080000 0.015000
v 0.020580 -0.080000 0.015000
v -0.065544 -0.026852 0.142732
v 0.093333 -0.026237 0.147293
v 0.126497 -0.064461 0.099813
v -0.094047 -0.065332 0.093362
v 0.017929 -0.010659 0.168799
v 0.017929 -0.010659 0.168799
v -0.060882 -0.103557 0.036881
v 0.097995 -0.102941 0.041443
v 0.024522 -0.119135 0.015376
v 0.024522 -0.119135 0.015376
v 0.018668 -0.364523 0.159650
v 0.018668 -0.364523 0.159650
v -0.037906 -0.364171 0.138956
v 0.102265 -0.367040 0.096068
v 0.076729 -0.365712 0.141886
v -0.059853 -0.364861 0.091925
v -0.034317 -0.366190 0.046108
v 0.080319 -0.367731 0.049037
v 0.023744 -0.367379 0.028343
v 0.023744 -0.367379 0.028343
v -0.054310 -0.188669 0.040128
v -0.042902 -0.284968 0.042449
v -0.073789 -0.269978 0.094791
v -0.087994 -0.160150 0.097813
v 0.121515 -0.160310 0.104231
v 0.112630 -0.271256 0.100532
v 0.086085 -0.285872 0.046508
v 0.092566 -0.188782 0.044666
v -0.010503 -0.453986 0.144989
v -0.010503 -0.453986 0.144989
v -0.058240 -0.436274 0.126364
v 0.059423 -0.481847 0.087765
v 0.038235 -0.472863 0.129001
v -0.077014 -0.430102 0.084036
v -0.055826 -0.439086 0.042801
v -0.010547 -0.825185 0.103192
v -0.010547 -0.825185 0.103192
v 0.040650 -0.475676 0.045437
v -0.007088 -0.457963 0.026812
v -0.007088 -0.457963 0.026812
v -0.020416 0.227000 0.121625
v 0.117644 0.226892 0.121625
v 0.142024 0.217250 0.060813
v -0.046184 0.217250 0.060813
v 0.046364 0.235000 0.151625
v 0.046364 0.235000 0.151625
v -0.020234 -0.554176 0.146303
v -0.020234 -0.554176 0.146303
v -0.068688 -0.544337 0.127113
v 0.051062 -0.570617 0.087343
v 0.029368 -0.565061 0.129830
v -0.087610 -0.541308 0.083501
v -0.065915 -0.546864 0.041014
v 0.032140 -0.567588 0.043730
v -0.016313 -0.557749 0.024540
v -0.016313 -0.557749 0.024540
v -0.038271 -0.824994 0.091924
v 0.030420 -0.826556 0.068571
v 0.017906 -0.825833 0.093519
v -0.049026 -0.825370 0.066316
v -0.036512 -0.826093 0.041368
v -0.010547 -0.995185 0.103192
v -0.010547 -0.995185 0.103192
v 0.019665 -0.826932 0.042963
v -0.008059 -0.826740 0.031695
v -0.008059 -0.826740 0.031695
v 0.067307 0.473446 0.214056
v 0.067307 0.473446 0.214056
v 0.067307 0.473446 0.214056
v -0.072773 0.549784 0.199243
v -0.072773 0.477672 0.223119
v -0.072773 0.477672 0.223119
v 0.057307 0.548913 0.189281
v 0.027307 0.606941 0.164128
v -0.007733 0.607813 0.174090
v -0.052773 0.607813 0.174090
v -0.012400 0.504817 0.270289
v -0.012400 0.504817 0.270289
v 0.045632 0.494674 0.248537
v 0.045632 0.494674 0.248537
v -0.010400 0.543133 0.253251
v -0.056432 0.541390 0.233327
v -0.056432 0.498055 0.255788
v -0.056432 0.498055 0.255788
v 0.043632 0.540692 0.225357
v 0.029632 0.587202 0.206231
v -0.008400 0.589294 0.230140
v -0.048432 0.587900 0.214200
v -0.016898 0.304076 0.319847
v 0.021319 0.312842 0.329839
v 0.037097 0.332453 0.355008
v 0.037097 0.332453 0.355008
v -0.055168 0.311291 0.330885
v -0.071073 0.330259 0.356488
v -0.055295 0.349871 0.381658
v 0.021193 0.351422 0.380611
v -0.017077 0.358636 0.391650
v -0.006079 0.260504 0.346866
v 0.031291 0.273393 0.356189
v 0.046236 0.296165 0.382939
v 0.046236 0.296165 0.382939
v -0.043984 0.265047 0.360433
v -0.060219 0.284361 0.388940
v -0.045274 0.307133 0.415690
v 0.030001 0.315479 0.411446
v -0.007904 0.320022 0.425012
v 0.033631 0.101132 0.487877
v 0.033631 0.101132 0.487877
v 0.058545 0.107798 0.494810
v 0.058545 0.107798 0.494810
v 0.058545 0.107798 0.494810
v 0.061766 0.118520 0.513187
v 0.061766 0.118520 0.513187
v 0.061766 0.118520 0.513187
v 0.008361 0.102425 0.496450
v 0.008361 0.102425 0.496450
v 0.004280 0.110921 0.515506
v 0.004280 0.110921 0.515506
v 0.004280 0.110921 0.515506
v 0.007501 0.119730 0.527453
v 0.007501 0.119730 0.527453
v 0.057685 0.125103 0.525813
v 0.057685 0.125103 0.525813
v 0.032415 0.125121 0.530099
v 0.032415 0.125121 0.530099
v -0.065448 0.645120 0.025078
v -0.065448 0.645120 0.025078
v -0.041775 0.645120 0.052604
v -0.041775 0.645120 0.052604
v -0.008886 0.645120 0.063290
v -0.008886 0.645120 0.063290
v 0.024405 0.645120 0.054274
v 0.024405 0.645120 0.054274
v 0.049178 0.645120 0.027970
v 0.049178 0.645120 0.027970
v -0.063668 0.706270 0.024819
v -0.040698 0.706270 0.046672
v -0.008786 0.706270 0.055156
v 0.023517 0.706270 0.047998
v 0.047554 0.706270 0.027116
v 0.004082 -0.409255 0.152320
v 0.004082 -0.409255 0.152320
v 0.008328 -0.412671 0.027578
v 0.008328 -0.412671 0.027578
v 0.057482 -0.419287 0.135443
v 0.080844 -0.424444 0.091916
v 0.060484 -0.421703 0.047237
v -0.012491 0.339329 0.408331
v -0.066646 0.307310 0.372714
v -0.050576 0.288169 0.345659
v 0.018246 -0.119932 0.180725
v 0.018246 -0.119932 0.180725
v 0.018517 -0.249683 0.177635
v 0.018517 -0.249683 0.177635
v -0.047244 -0.255362 0.151215
v -0.059045 -0.131679 0.153178
v 0.024657 -0.291551 0.020088
v 0.024657 -0.291551 0.020088
v 0.024942 -0.200529 0.017119
v 0.024942 -0.200529 0.017119
v 0.087831 -0.131792 0.157717
v 0.081743 -0.256266 0.155274
v -0.018887 0.217095 0.472343
v 0.012255 0.227425 0.479839
v 0.057372 0.208277 0.446048
v 0.057372 0.208277 0.446048
v 0.044918 0.190016 0.424555
v -0.017811 0.183340 0.427951
v 0.013776 0.179687 0.417059
v 0.043843 0.223772 0.468947
v -0.031341 0.198835 0.450850
v -0.051285 0.328502 0.398674
v -0.011489 0.282290 0.333357
v 0.018867 0.381200 0.169206
v 0.018867 0.381200 0.169206
v 0.100987 0.381200 0.154206
v -0.053253 0.382910 0.158905
v -0.080806 0.385000 0.081625
v 0.150226 0.385000 0.076625
v -0.062662 0.359150 0.285639
v -0.068719 0.414419 0.237111
v -0.074191 0.430358 0.265871
v -0.073606 0.377351 0.313829
v -0.015680 0.407520 0.356077
v -0.014071 0.460083 0.312438
v 0.039029 0.450195 0.292826
v 0.030620 0.398684 0.340317
v -0.057518 0.452069 0.298416
v -0.057127 0.398784 0.343677
v 0.060868 0.411938 0.230217
v 0.041605 0.358746 0.281628
v 0.049021 0.377409 0.309505
v 0.049021 0.377409 0.309505
v 0.059415 0.428108 0.258821
v 0.059415 0.428108 0.258821
v -0.010798 0.408786 0.226624
v -0.013951 0.352442 0.274442
v -0.010547 -0.905185 0.103192
v -0.010547 -0.905185 0.103192
v -0.010547 -0.905185 0.103192
v -0.038271 -0.904994 0.091924
v -0.038271 -0.904994 0.091924
v 0.030420 -0.906556 0.068571
v 0.030420 -0.906556 0.068571
v 0.017906 -0.905833 0.093519
v 0.017906 -0.905833 0.093519
v -0.049026 -0.905370 0.066316
v -0.049026 -0.905370 0.066316
v -0.036512 -0.906093 0.041368
v -0.036512 -0.906093 0.041368
v 0.160420 -0.966556 0.068571
v 0.019665 -0.906932 0.042963
v 0.019665 -0.906932 0.042963
v -0.008059 -0.906740 0.031695
v -0.008059 -0.906740 0.031695
v -0.008059 -0.906740 0.031695
v -0.038271 -0.994994 0.091924
v -0.038271 -0.994994 0.091924
v 0.030420 -0.996556 0.068571
v 0.017906 -0.995833 0.093519
v -0.049026 -0.995370 0.066316
v -0.049026 -0.995370 0.066316
v -0.036512 -0.996093 0.041368
v -0.036512 -0.996093 0.041368
v -0.009585 -0.996095 0.067635
v 0.019665 -0.996932 0.042963
v -0.008059 -0.996740 0.031695
v -0.008059 -0.996740 0.031695
v 0.153905 -0.965832 0.096519
v 0.135452 -0.965185 0.113192
v 0.160420 -0.996556 0.068571
v 0.160420 -0.996556 0.068571
v 0.159664 -0.996932 0.040963
v 0.159664 -0.996932 0.040963
v 0.159664 -0.966932 0.040963
v 0.149940 -0.966740 0.021695
v 0.149940 -0.996740 0.021695
v 0.149940 -0.996740 0.021695
v 0.153905 -0.995832 0.096519
v 0.153905 -0.995832 0.096519
v 0.135452 -0.995185 0.113192
v 0.135452 -0.995185 0.113192
v 0.085906 -0.945832 0.095019
v 0.095420 -0.946556 0.068571
v 0.089665 -0.946932 0.041963
v 0.062453 -0.945185 0.108192
v 0.062453 -0.995186 0.108192
v 0.062453 -0.995186 0.108192
v 0.089665 -0.993932 0.041963
v 0.071941 -0.986740 0.026695
v 0.071941 -0.986740 0.026695
v 0.071941 -0.946740 0.026695
v 0.085906 -0.995833 0.095019
v 0.095420 -0.996556 0.068571
v 0.039997 0.024512 0.552433
v 0.079677 0.028307 0.557853
v 0.084561 0.032751 0.566459
v 0.084561 0.032751 0.566459
v 0.000751 0.023384 0.553110
v -0.005552 0.026974 0.560768
v -0.005552 0.026974 0.560768
v 0.039235 0.029962 0.563794
v 0.039235 0.029962 0.563794
v -0.000485 0.032700 0.571941
v 0.078440 0.037623 0.576683
v 0.038102 0.037498 0.578164
v -0.003573 0.085327 0.550339
v 0.034096 0.091804 0.554253
v 0.076040 0.073884 0.530896
v 0.076040 0.073884 0.530896
v -0.002272 0.069358 0.515370
v 0.035936 0.071349 0.509098
v 0.072304 0.092252 0.548871
v -0.008443 0.075582 0.534376
v -0.008443 0.075582 0.534376
v 0.061040 0.037175 0.577747
v 0.015493 0.034713 0.575376
v 0.016327 0.028468 0.562281
v 0.016327 0.028468 0.562281
v 0.017059 0.023833 0.552046
v 0.062865 0.031357 0.565126
v 0.062865 0.031357 0.565126
v 0.062606 0.026294 0.554417
v 0.035936 0.055623 0.526407
v 0.034096 0.069472 0.564575
v 0.055200 0.068339 0.564644
v 0.016832 0.054508 0.527555
v 0.056770 0.057970 0.526821
v 0.015262 0.065581 0.565052
v 0.007853 -0.048712 0.556175
v 0.009561 0.017340 0.575785
v 0.012438 -0.047169 0.550060
v 0.012438 -0.047169 0.550060
v 0.016182 0.015642 0.567982
v 0.016182 0.015642 0.567982
v 0.008861 -0.040492 0.547851
v 0.011997 0.015143 0.558747
v 0.000699 -0.039044 0.547831
v 0.001190 0.016343 0.557316
v -0.003886 -0.044274 0.550021
v -0.003886 -0.044274 0.550021
v -0.005431 0.018041 0.565119
v -0.005431 0.018041 0.565119
v -0.000309 -0.047265 0.556156
v -0.001245 0.018540 0.574354
v 0.029801 -0.074488 0.564406
v 0.032190 0.024009 0.580355
v 0.036583 -0.072789 0.560763
v 0.036583 -0.072789 0.560763
v 0.039807 0.022876 0.572711
v 0.039807 0.022876 0.572711
v 0.034757 -0.065550 0.557071
v 0.035591 0.021146 0.563510
v 0.026149 -0.064542 0.554909
v 0.023759 0.020550 0.561952
v 0.019366 -0.070773 0.556440
v 0.019366 -0.070773 0.556440
v 0.016143 0.021684 0.569596
v 0.016143 0.021684 0.569596
v 0.021192 -0.073480 0.562245
v 0.020358 0.023413 0.578798
v 0.063466 -0.082504 0.571860
v 0.056421 0.024639 0.580609
v 0.067709 -0.080469 0.565684
v 0.067709 -0.080469 0.565684
v 0.063058 0.023800 0.572678
v 0.063058 0.023800 0.572678
v 0.063637 -0.074703 0.563355
v 0.058797 0.022232 0.563593
v 0.055321 -0.074658 0.563276
v 0.047900 0.021504 0.562438
v 0.051078 -0.080379 0.565526
v 0.051078 -0.080379 0.565526
v 0.041264 0.022343 0.570369
v 0.041264 0.022343 0.570369
v 0.055151 -0.082459 0.571780
v 0.045524 0.023910 0.579454
v 0.083847 -0.073135 0.576001
v 0.078203 0.027663 0.576781
v 0.087606 -0.070743 0.569696
v 0.087606 -0.070743 0.569696
v 0.085143 0.025049 0.569477
v 0.085143 0.025049 0.569477
v 0.083078 -0.067095 0.566607
v 0.081227 0.022148 0.560594
v 0.074791 -0.067714 0.566742
v 0.070369 0.021861 0.559015
v 0.071032 -0.071979 0.569966
v 0.071032 -0.071979 0.569966
v 0.063428 0.024474 0.566320
v 0.063428 0.024474 0.566320
v 0.075560 -0.073753 0.576136
v 0.067345 0.027375 0.575202
v 0.082248 -0.020395 0.566341
v 0.072133 -0.020862 0.565540
v 0.066436 -0.021074 0.572499
v 0.066436 -0.021074 0.572499
v 0.082872 -0.046815 0.566971
v 0.073211 -0.047418 0.566698
v 0.061453 -0.025970 0.568719
v 0.051385 -0.026309 0.568098
v 0.062913 -0.056427 0.564622
v 0.053301 -0.056553 0.564294
v 0.030240 -0.064046 0.570670
v 0.017916 -0.047872 0.566613
v 0.017916 -0.047872 0.566613
v 0.035551 -0.022354 0.566532
v 0.024852 -0.022092 0.564552
v 0.020421 -0.051353 0.573961
v 0.020616 -0.062896 0.568571
v 0.035525 -0.051348 0.561770
v 0.025563 -0.050149 0.559693
v -0.005322 -0.026049 0.559082
v -0.005322 -0.026049 0.559082
v -0.000975 -0.037877 0.562105
v 0.010210 -0.011760 0.557189
v 0.000186 -0.010376 0.556392
v 0.013873 -0.029017 0.559983
v 0.013873 -0.029017 0.559983
v 0.008190 -0.039369 0.562388
v 0.009748 -0.030341 0.551333
v 0.000249 -0.028833 0.550962
v 0.090073 -0.011787 0.513944
v 0.090073 -0.011787 0.513944
v 0.081417 -0.006236 0.517413
v 0.068355 0.039578 0.502084
v 0.080973 -0.002973 0.523691
v 0.068713 0.037023 0.514826
v 0.088567 -0.004824 0.528351
v 0.088567 -0.004824 0.528351
v 0.096604 -0.003937 0.526734
v 0.097666 -0.007637 0.518605
v 0.067354 0.080819 0.495301
v 0.067354 0.080819 0.495301
v 0.052324 0.054186 0.511962
v 0.075941 0.052761 0.526095
v 0.075941 0.052761 0.526095
v 0.073612 0.087997 0.508853
v 0.050993 0.070355 0.494981
v 0.083066 0.068274 0.525193
v 0.076214 0.006677 0.511037
v 0.076143 0.009413 0.519303
v 0.080277 -0.013348 0.580989
v 0.069977 -0.013770 0.579994
v 0.086285 -0.013842 0.573944
v 0.086285 -0.013842 0.573944
v 0.065684 -0.014687 0.571954
v 0.065684 -0.014687 0.571954
v 0.071390 -0.027989 0.580381
v 0.086898 -0.026993 0.574109
v 0.086898 -0.026993 0.574109
v 0.066895 -0.027996 0.572771
v 0.066895 -0.027996 0.572771
v 0.081391 -0.027488 0.581051
v 0.082342 -0.043545 0.581032
v 0.072596 -0.044123 0.580659
v 0.087422 -0.042414 0.574129
v 0.087422 -0.042414 0.574129
v 0.067929 -0.043570 0.573384
v 0.067929 -0.043570 0.573384
v 0.068963 -0.054566 0.572682
v 0.068963 -0.054566 0.572682
v 0.082956 -0.054957 0.579770
v 0.073638 -0.055564 0.579598
v 0.087599 -0.053352 0.573026
v 0.087599 -0.053352 0.573026
v 0.067091 -0.051955 0.572931
v 0.067091 -0.051955 0.572931
v 0.052147 -0.053524 0.579705
v 0.061845 -0.053359 0.580088
v 0.047696 -0.052285 0.572164
v 0.047696 -0.052285 0.572164
v 0.049415 -0.019696 0.582902
v 0.065427 -0.018820 0.576128
v 0.065427 -0.018820 0.576128
v 0.045042 -0.019615 0.574725
v 0.045042 -0.019615 0.574725
v 0.059608 -0.019299 0.583604
v 0.046320 -0.034794 0.574469
v 0.046320 -0.034794 0.574469
v 0.060685 -0.035146 0.582888
v 0.050731 -0.035432 0.582340
v 0.066229 -0.034222 0.575566
v 0.066229 -0.034222 0.575566
v 0.062540 -0.065198 0.577331
v 0.067461 -0.063517 0.570461
v 0.067461 -0.063517 0.570461
v 0.053252 -0.065280 0.577065
v 0.048885 -0.063682 0.569929
v 0.048885 -0.063682 0.569929
v 0.031288 -0.015466 0.581061
v 0.020405 -0.031859 0.577427
v 0.020391 -0.015355 0.579155
v 0.038489 -0.031227 0.573388
v 0.038489 -0.031227 0.573388
v 0.038872 -0.015160 0.574485
v 0.038872 -0.015160 0.574485
v 0.017460 -0.030235 0.569380
v 0.017460 -0.030235 0.569380
v 0.017078 -0.014936 0.570674
v 0.017078 -0.014936 0.570674
v 0.030919 -0.032355 0.579431
v 0.030479 -0.052429 0.576025
v 0.038033 -0.050023 0.570742
v 0.038033 -0.050023 0.570742
v 0.037598 -0.061614 0.565917
v 0.037598 -0.061614 0.565917
v 0.018351 -0.059312 0.561721
v 0.018351 -0.059312 0.561721
v 0.008350 -0.018011 0.570962
v 0.014169 -0.017915 0.563689
v 0.014169 -0.017915 0.563689
v -0.005617 -0.015086 0.562308
v -0.005617 -0.015086 0.562308
v -0.001586 -0.006189 0.572319
v 0.014630 -0.007972 0.565799
v 0.014630 -0.007972 0.565799
v -0.005693 -0.005269 0.563983
v -0.005693 -0.005269 0.563983
v 0.008576 -0.007541 0.573227
v -0.001543 -0.016596 0.570271
v 0.008314 -0.029694 0.567084
v -0.004889 -0.035346 0.555010
v -0.004889 -0.035346 0.555010
v 0.013441 -0.038331 0.555576
v 0.013441 -0.038331 0.555576
v -0.001283 -0.028210 0.566634
v 0.090180 0.039917 0.505442
v 0.080566 0.033594 0.522604
v 0.080566 0.033594 0.522604
v 0.080184 0.036443 0.498783
v 0.080184 0.036443 0.498783
v 0.090312 0.038300 0.517641
v 0.087657 0.051173 0.518086
v 0.085459 0.057474 0.504519
v 0.078277 0.043129 0.522697
v 0.078277 0.043129 0.522697
v 0.076163 0.053839 0.495793
v 0.076163 0.053839 0.495793
v 0.084424 0.014737 0.504610
v 0.084424 0.014737 0.504610
v 0.084007 0.017314 0.524444
v 0.084007 0.017314 0.524444
v 0.093403 0.018497 0.510422
v 0.092992 0.019132 0.521319
v 0.085792 0.009477 0.525766
v 0.085792 0.009477 0.525766
v 0.095073 0.007947 0.513402
v 0.086632 0.004036 0.508036
v 0.086632 0.004036 0.508036
v 0.094375 0.009770 0.523612
v -0.006275 0.039126 0.554170
v -0.006275 0.039126 0.554170
v 0.015435 0.048430 0.570795
v 0.083039 0.045907 0.557919
v 0.083039 0.045907 0.557919
v 0.076906 0.051280 0.569730
v 0.037100 0.050492 0.572766
v -0.001257 0.045857 0.566540
v 0.059580 0.050966 0.572471
v -0.072033 0.748373 0.033506
v -0.041494 0.741009 0.063007
v -0.008968 0.735508 0.074460
v 0.043878 0.727935 0.054797
v 0.085736 0.722300 0.029285
v 0.089038 0.803300 0.042467
v 0.086991 0.871023 0.041472
v -0.095987 0.871023 0.037960
v -0.095051 0.803300 0.038870
v -0.059076 0.803300 0.073094
v -0.057885 0.871023 0.071382
v -0.069084 0.929241 0.027244
v -0.043870 0.929241 0.051232
v -0.008840 0.929241 0.060545
v 0.036519 0.929241 0.052687
v 0.062906 0.929241 0.029765
v 0.051392 0.803300 0.065171
v 0.050227 0.871023 0.063409
v -0.009098 0.803300 0.086381
v -0.009078 0.871023 0.084357
v -0.110000 -0.000000 0.000000
v -0.070000 0.300000 0.000000
v 0.140000 -0.000000 0.000000
v 0.160000 0.300000 0.000000
v -0.114000 0.470000 0.000000
v 0.164000 0.470000 0.000000
v 0.147000 0.130000 0.000000
v -0.103000 0.090000 0.000000
v 0.134000 0.550000 0.000000
v -0.114000 0.550000 0.000000
v 0.084000 0.610000 0.000000
v -0.104000 0.610000 0.000000
v -0.080000 -0.070000 0.000000
v 0.100000 -0.070000 0.000000
v 0.151955 0.215000 0.000000
v -0.055045 0.215000 0.000000
v 0.058796 0.645120 0.000000
v 0.058796 0.645120 0.000000
v -0.073563 0.645120 0.000000
v -0.073563 0.645120 0.000000
v -0.073563 0.645120 0.000000
v 0.056887 0.706270 0.000000
v -0.071542 0.706270 0.000000
v -0.071542 0.706270 0.000000
v 0.162000 0.385000 0.000000
v -0.092000 0.385000 0.000000
v 0.098143 0.720113 0.000000
v -0.082501 0.750219 0.000000
v -0.082501 0.750219 0.000000
v 0.073150 0.929241 0.000000
v -0.077728 0.929241 0.000000
v -0.077728 0.929241 0.000000
v -0.008808 0.947657 0.000000
v -0.008808 0.947657 0.000000
v 0.035771 0.947657 0.000000
v 0.035771 0.947657 0.000000
v -0.043980 0.947657 0.000000
v -0.043980 0.947657 0.000000
v 0.103654 0.803300 0.000000
v 0.101265 0.871023 0.000000
v -0.108029 0.871023 0.000000
v -0.108029 0.871023 0.000000
v -0.107382 0.803300 0.000000
v -0.107382 0.803300 0.000000
v 0.020580 -0.080000 0.000000
v 0.020580 -0.080000 0.000000
vt 0.086436 0.847546
vt 0.568614 0.982816
vt 0.075285 0.710911
vt 0.059457 0.263950
vt 0.721505 0.510441
vt 0.073239 0.386431
vt 0.058253 0.607945
vt 0.531857 0.404482
vt 0.053228 0.478633
vt 0.529763 0.480164
vt 0.110610 0.709682
vt 0.104766 0.221033
vt 0.676952 0.542514
vt 0.135345 0.890707
vt 0.518480 0.952949
vt 0.106904 0.382573
vt 0.105549 0.617718
vt 0.103025 0.461252
vt 0.084171 0.802193
vt 0.064576 0.307602
vt 0.101034 0.295467
vt 0.125517 0.838136
vt 0.013840 0.278987
vt 0.041236 0.829364
vt 0.610391 0.993957
vt 0.762080 0.499441
vt 0.026629 0.718774
vt 0.027999 0.389694
vt 0.006043 0.483254
vt 0.026104 0.624345
vt 0.531857 0.437554
vt 0.017466 0.317483
vt 0.042118 0.790619
vt 0.115798 0.587312
vt 0.092940 0.581914
vt 0.091021 0.504039
vt 0.113346 0.490077
vt 0.125724 0.568292
vt 0.108537 0.560284
vt 0.107205 0.541948
vt 0.109176 0.526445
vt 0.122414 0.514457
vt 0.152519 0.935376
vt 0.496413 0.916785
vt 0.118033 0.174773
vt 0.654031 0.578018
vt 0.115653 0.129883
vt 0.154769 0.993957
vt 0.457564 0.895284
vt 0.622534 0.591547
vt 0.568061 0.931934
vt 0.728027 0.560387
vt 0.699223 0.577192
vt 0.538064 0.916259
vt 0.610448 0.938957
vt 0.765799 0.553624
vt 0.502829 0.896659
vt 0.666495 0.595376
vt 0.460971 0.877120
vt 0.629352 0.609481
vt 0.600654 0.764342
vt 0.751148 0.723053
vt 0.570055 0.764138
vt 0.700097 0.717646
vt 0.723219 0.718240
vt 0.541862 0.762124
vt 0.512833 0.760494
vt 0.677720 0.721612
vt 0.481229 0.758589
vt 0.650619 0.728300
vt 0.507741 0.851699
vt 0.510615 0.803164
vt 0.540045 0.813602
vt 0.539241 0.868595
vt 0.700323 0.623006
vt 0.700224 0.674968
vt 0.672984 0.684371
vt 0.669507 0.638250
vt 0.588136 0.720618
vt 0.752942 0.769310
vt 0.562849 0.726601
vt 0.700296 0.777282
vt 0.725351 0.774151
vt 0.540890 0.727051
vt 0.519293 0.722140
vt 0.572784 0.545585
vt 0.728518 0.952582
vt 0.675452 0.777257
vt 0.494738 0.713817
vt 0.648183 0.774276
vt 0.074718 0.757027
vt 0.069375 0.348056
vt 0.103575 0.340056
vt 0.116778 0.761335
vt 0.027305 0.353626
vt 0.030692 0.754806
vt 0.587800 0.673042
vt 0.751289 0.818982
vt 0.564411 0.677337
vt 0.701720 0.824124
vt 0.725208 0.821638
vt 0.543664 0.677615
vt 0.522954 0.673501
vt 0.678091 0.824648
vt 0.499782 0.666542
vt 0.651965 0.823315
vt 0.558664 0.545957
vt 0.699502 0.953007
vt 0.713505 0.952392
vt 0.545260 0.545357
vt 0.531967 0.543858
vt 0.876838 0.263090
vt 0.940244 0.796410
vt 0.685654 0.953956
vt 0.517955 0.541951
vt 0.670871 0.954932
vt 0.044910 0.492969
vt 0.520145 0.492800
vt 0.523896 0.289828
vt 0.076010 0.572872
vt 0.049173 0.595146
vt 0.527493 0.389964
vt 0.074772 0.515426
vt 0.092683 0.531807
vt 0.090737 0.543372
vt 0.091925 0.557476
vt 0.035910 0.549816
vt 0.520987 0.345288
vt 0.037809 0.517051
vt 0.522535 0.313204
vt 0.055036 0.547225
vt 0.062331 0.565933
vt 0.040725 0.574009
vt 0.523994 0.369041
vt 0.061253 0.523789
vt 0.077877 0.532663
vt 0.072753 0.545227
vt 0.078105 0.556922
vt 0.429597 0.425944
vt 0.426112 0.447622
vt 0.421840 0.466159
vt 0.423975 0.315956
vt 0.432233 0.405643
vt 0.432730 0.388939
vt 0.431476 0.373011
vt 0.426313 0.334190
vt 0.429097 0.354225
vt 0.403654 0.425277
vt 0.400992 0.444462
vt 0.397783 0.463179
vt 0.399797 0.317954
vt 0.406109 0.406839
vt 0.407278 0.389799
vt 0.406752 0.372896
vt 0.402646 0.336410
vt 0.404882 0.354964
vt 0.301271 0.410705
vt 0.965878 0.365140
vt 0.297055 0.423243
vt 0.616983 0.220566
vt 0.961244 0.374881
vt 0.292595 0.432932
vt 0.295456 0.348070
vt 0.614590 0.211174
vt 0.303493 0.397700
vt 0.973783 0.357993
vt 0.302412 0.387323
vt 0.592870 0.181368
vt 0.982320 0.354782
vt 0.302220 0.379910
vt 0.598367 0.185894
vt 0.296919 0.355217
vt 0.612072 0.204746
vt 0.299986 0.367466
vt 0.605209 0.195350
vt 0.139960 0.556315
vt 0.594819 0.466073
vt 0.131792 0.550221
vt 0.593847 0.444555
vt 0.128130 0.540893
vt 0.592984 0.423838
vt 0.130296 0.531299
vt 0.592870 0.402821
vt 0.137518 0.524322
vt 0.593198 0.380510
vt 0.632759 0.464934
vt 0.632546 0.444632
vt 0.632452 0.423370
vt 0.632029 0.402152
vt 0.632332 0.381237
vt 0.593691 0.742683
vt 0.751838 0.746110
vt 0.488486 0.736368
vt 0.649652 0.751292
vt 0.724298 0.744775
vt 0.700267 0.745787
vt 0.676680 0.748360
vt 0.416829 0.354349
vt 0.420085 0.389487
vt 0.419044 0.406186
vt 0.610448 0.885188
vt 0.765799 0.606601
vt 0.606424 0.821834
vt 0.761087 0.668601
vt 0.571121 0.820957
vt 0.570174 0.881386
vt 0.476272 0.795332
vt 0.642004 0.692451
vt 0.468884 0.838561
vt 0.635102 0.648682
vt 0.730731 0.610669
vt 0.729396 0.668717
vt 0.357196 0.374965
vt 0.355122 0.359320
vt 0.345502 0.450046
vt 0.347421 0.329321
vt 0.349211 0.435221
vt 0.355906 0.403648
vt 0.352911 0.419364
vt 0.351534 0.343710
vt 0.357476 0.389327
vt 0.419130 0.373136
vt 0.416342 0.425908
vt 0.016372 0.436586
vt 0.027775 0.671370
vt 0.060985 0.431145
vt 0.065490 0.658172
vt 0.109264 0.660902
vt 0.105456 0.423791
vt 0.464076 0.406488
vt 0.499521 0.405821
vt 0.495955 0.390048
vt 0.461931 0.389930
vt 0.457716 0.350395
vt 0.490355 0.347447
vt 0.491303 0.319211
vt 0.457035 0.326339
vt 0.492974 0.369734
vt 0.459890 0.371049
vt 0.497712 0.470150
vt 0.461410 0.458934
vt 0.454243 0.474482
vt 0.455907 0.305261
vt 0.489149 0.484167
vt 0.491816 0.296325
vt 0.499397 0.434700
vt 0.463109 0.431021
vt 0.573983 0.508567
vt 0.728784 0.991494
vt 0.838981 0.288881
vt 0.560133 0.508208
vt 0.836262 0.281781
vt 0.700799 0.992712
vt 0.827759 0.297610
vt 0.714306 0.991992
vt 0.835176 0.295704
vt 0.547444 0.507410
vt 0.832452 0.278823
vt 0.534613 0.506221
vt 0.827257 0.279965
vt 0.812922 0.357048
vt 0.687270 0.993414
vt 0.821612 0.292851
vt 0.520712 0.504886
vt 0.672694 0.993957
vt 0.820912 0.284885
vt 0.861483 0.245519
vt 0.945960 0.783210
vt 0.956499 0.816608
vt 0.944557 0.810259
vt 0.840347 0.237923
vt 0.958377 0.778307
vt 0.819178 0.238759
vt 0.970245 0.784567
vt 0.957352 0.797276
vt 0.969005 0.811654
vt 0.799002 0.246987
vt 0.974634 0.798327
vt 0.826377 0.356861
vt 0.836468 0.351411
vt 0.808929 0.374555
vt 0.954411 0.879898
vt 0.791264 0.366849
vt 0.967793 0.880089
vt 0.800894 0.352984
vt 0.793926 0.346149
vt 0.779666 0.356666
vt 0.977312 0.875843
vt 0.829609 0.374881
vt 0.941007 0.876220
vt 0.847177 0.367582
vt 0.933236 0.866992
vt 0.834344 0.325792
vt 0.820625 0.326971
vt 0.808672 0.321441
vt 0.843332 0.316805
vt 0.876838 0.324154
vt 0.936854 0.831617
vt 0.968863 0.845850
vt 0.777885 0.305289
vt 0.977312 0.837364
vt 0.803329 0.311408
vt 0.942908 0.843203
vt 0.955666 0.848251
vt 0.939746 0.311810
vt 0.914493 0.319863
vt 0.658835 0.194278
vt 0.910011 0.322198
vt 0.966980 0.311161
vt 0.616228 0.143712
vt 0.972668 0.311840
vt 0.657253 0.153858
vt 0.938029 0.305291
vt 0.622577 0.146052
vt 0.657808 0.188366
vt 0.648677 0.160365
vt 0.608731 0.170088
vt 0.619836 0.183289
vt 0.636697 0.206729
vt 0.919670 0.344673
vt 0.969697 0.341865
vt 0.954172 0.352227
vt 0.629551 0.197607
vt 0.601987 0.164714
vt 0.978335 0.337603
vt 0.657407 0.176880
vt 0.633838 0.148477
vt 0.636575 0.138883
vt 0.955258 0.302776
vt 0.956327 0.309128
vt 0.666800 0.176921
vt 0.921230 0.309456
vt 0.923853 0.315578
vt 0.947504 0.339590
vt 0.628953 0.174800
vt 0.636708 0.183300
vt 0.958541 0.334876
vt 0.933584 0.343753
vt 0.622965 0.166270
vt 0.617696 0.109968
vt 0.627416 0.137598
vt 0.618598 0.107383
vt 0.977430 0.278418
vt 0.631599 0.134557
vt 0.959295 0.298993
vt 0.977510 0.281350
vt 0.962631 0.303388
vt 0.979739 0.283227
vt 0.968190 0.306511
vt 0.613299 0.110190
vt 0.982320 0.282300
vt 0.617430 0.139270
vt 0.973719 0.307825
vt 0.615807 0.111177
vt 0.622104 0.138866
vt 0.672549 0.110562
vt 0.648206 0.149612
vt 0.675910 0.110698
vt 0.942920 0.264120
vt 0.653439 0.151072
vt 0.937967 0.301280
vt 0.944063 0.266652
vt 0.942697 0.303847
vt 0.946827 0.266805
vt 0.949532 0.303279
vt 0.669887 0.106326
vt 0.948951 0.264571
vt 0.640358 0.140971
vt 0.954260 0.299644
vt 0.670287 0.109121
vt 0.643165 0.145398
vt 0.706770 0.146683
vt 0.662560 0.168235
vt 0.709687 0.147702
vt 0.918673 0.266454
vt 0.665972 0.172297
vt 0.921348 0.305951
vt 0.920415 0.268398
vt 0.926207 0.308213
vt 0.923218 0.268053
vt 0.932166 0.307105
vt 0.705951 0.141641
vt 0.924495 0.265776
vt 0.659602 0.157430
vt 0.935942 0.302894
vt 0.705335 0.144882
vt 0.659740 0.162746
vt 0.705539 0.206537
vt 0.662760 0.189103
vt 0.706770 0.210154
vt 0.888924 0.288623
vt 0.662592 0.194389
vt 0.908606 0.319486
vt 0.891262 0.288901
vt 0.912520 0.317325
vt 0.893428 0.287121
vt 0.917213 0.314900
vt 0.709687 0.202547
vt 0.893472 0.284759
vt 0.668752 0.179404
vt 0.919462 0.310686
vt 0.706636 0.204484
vt 0.664246 0.182912
vt 0.901515 0.302873
vt 0.904623 0.300399
vt 0.688784 0.190085
vt 0.907100 0.298039
vt 0.895388 0.294786
vt 0.898203 0.292478
vt 0.923048 0.285740
vt 0.926800 0.285117
vt 0.921327 0.274576
vt 0.924645 0.274149
vt 0.670946 0.114548
vt 0.660876 0.114956
vt 0.950692 0.273266
vt 0.943112 0.282754
vt 0.947259 0.282737
vt 0.664371 0.116805
vt 0.667503 0.112424
vt 0.943344 0.271616
vt 0.947066 0.271933
vt 0.613499 0.119059
vt 0.980446 0.290116
vt 0.616312 0.114545
vt 0.970763 0.291491
vt 0.974437 0.294021
vt 0.624031 0.114690
vt 0.971372 0.283916
vt 0.619333 0.113066
vt 0.975134 0.284555
vt 0.978127 0.286825
vt 0.671894 0.221651
vt 0.908488 0.372689
vt 0.910977 0.369566
vt 0.931017 0.363918
vt 0.910667 0.367204
vt 0.926560 0.359269
vt 0.670567 0.215219
vt 0.907362 0.366465
vt 0.668435 0.217531
vt 0.669141 0.219555
vt 0.629596 0.222938
vt 0.950064 0.371052
vt 0.939865 0.352586
vt 0.646037 0.207643
vt 0.924439 0.350255
vt 0.628827 0.215494
vt 0.949975 0.361644
vt 0.639414 0.210377
vt 0.916221 0.368547
vt 0.915157 0.365418
vt 0.682142 0.197090
vt 0.684029 0.192520
vt 0.680583 0.201309
vt 0.899962 0.306832
vt 0.686002 0.188534
vt 0.908700 0.299764
vt 0.690168 0.195528
vt 0.686492 0.203817
vt 0.897153 0.302664
vt 0.691813 0.191615
vt 0.905392 0.296096
vt 0.688255 0.199950
vt 0.695121 0.202878
vt 0.696910 0.198795
vt 0.693424 0.206537
vt 0.893731 0.297975
vt 0.698469 0.195097
vt 0.901613 0.291565
vt 0.703103 0.197684
vt 0.898626 0.288635
vt 0.699794 0.204757
vt 0.701418 0.201039
vt 0.698434 0.208346
vt 0.891620 0.294429
vt 0.699119 0.156340
vt 0.918497 0.276842
vt 0.694941 0.148704
vt 0.697005 0.152614
vt 0.693309 0.144989
vt 0.928129 0.275372
vt 0.680602 0.154898
vt 0.684479 0.163347
vt 0.920121 0.288802
vt 0.678750 0.150992
vt 0.930725 0.286917
vt 0.682682 0.159235
vt 0.685512 0.148260
vt 0.929475 0.281513
vt 0.689367 0.156205
vt 0.687311 0.152091
vt 0.691283 0.160209
vt 0.919349 0.283180
vt 0.701707 0.150072
vt 0.704095 0.153294
vt 0.918290 0.272624
vt 0.699750 0.146636
vt 0.698484 0.143189
vt 0.926889 0.271410
vt 0.658955 0.133145
vt 0.659177 0.123920
vt 0.654786 0.130131
vt 0.666964 0.129367
vt 0.939985 0.279509
vt 0.662810 0.135784
vt 0.939713 0.285557
vt 0.655718 0.121748
vt 0.950724 0.279715
vt 0.651373 0.127602
vt 0.951187 0.285277
vt 0.663285 0.126680
vt 0.668193 0.119107
vt 0.671651 0.121640
vt 0.940020 0.272594
vt 0.674523 0.116331
vt 0.941100 0.268115
vt 0.664472 0.109784
vt 0.950059 0.268845
vt 0.622389 0.121762
vt 0.626001 0.119703
vt 0.968623 0.287799
vt 0.614513 0.124153
vt 0.978596 0.294343
vt 0.619579 0.127871
vt 0.627663 0.124160
vt 0.966254 0.291186
vt 0.615428 0.128666
vt 0.976966 0.298065
vt 0.623779 0.126197
vt 0.618466 0.123426
vt 0.620814 0.116912
vt 0.612845 0.114556
vt 0.981725 0.286299
vt 0.621841 0.110532
vt 0.974103 0.280834
vt 0.617255 0.118534
vt 0.650355 0.220412
vt 0.654537 0.210729
vt 0.920079 0.356899
vt 0.650174 0.225837
vt 0.929505 0.370054
vt 0.652207 0.215448
vt 0.646514 0.214043
vt 0.642716 0.219457
vt 0.650337 0.209543
vt 0.922707 0.354024
vt 0.642114 0.225252
vt 0.937653 0.369720
vt 0.660267 0.225585
vt 0.920016 0.372114
vt 0.661686 0.212256
vt 0.914462 0.360632
vt 0.659729 0.220659
vt 0.660649 0.216158
vt 0.665009 0.213098
vt 0.911673 0.362433
vt 0.664151 0.220443
vt 0.665346 0.224814
vt 0.915307 0.372851
vt 0.664498 0.216507
vt 0.613549 0.149379
vt 0.973333 0.318279
vt 0.628733 0.157538
vt 0.652188 0.196406
vt 0.912013 0.328179
vt 0.650331 0.189603
vt 0.639648 0.167340
vt 0.619947 0.152881
vt 0.647592 0.180177
vt 0.658993 0.463907
vt 0.654634 0.440659
vt 0.652271 0.423097
vt 0.647854 0.394798
vt 0.652138 0.373378
vt 0.681070 0.378626
vt 0.705049 0.377818
vt 0.721994 0.457084
vt 0.690993 0.465265
vt 0.686503 0.442621
vt 0.714226 0.436333
vt 0.746253 0.438722
vt 0.737950 0.425522
vt 0.733063 0.411462
vt 0.730183 0.393638
vt 0.730513 0.378984
vt 0.681168 0.395311
vt 0.706893 0.393207
vt 0.683369 0.421100
vt 0.709583 0.416720
vt 0.230913 0.841874
vt 0.403645 0.516027
vt 0.231273 0.704654
vt 0.204583 0.256432
vt 0.876856 0.982956
vt 0.203489 0.379776
vt 0.240110 0.600244
vt 0.531857 0.163089
vt 0.232918 0.469729
vt 0.529763 0.087407
vt 0.195897 0.706252
vt 0.155071 0.218426
vt 0.832303 0.950884
vt 0.185526 0.888738
vt 0.353510 0.545894
vt 0.169563 0.379376
vt 0.193421 0.614022
vt 0.181360 0.457368
vt 0.229616 0.796461
vt 0.204001 0.300402
vt 0.166469 0.292087
vt 0.191204 0.835553
vt 0.251542 0.266676
vt 0.274579 0.820202
vt 0.445422 0.504886
vt 0.917432 0.993957
vt 0.248908 0.378366
vt 0.280509 0.708671
vt 0.273618 0.614141
vt 0.280509 0.469457
vt 0.531857 0.130017
vt 0.251918 0.305367
vt 0.270669 0.781617
vt 0.180539 0.584527
vt 0.202945 0.577086
vt 0.197587 0.498905
vt 0.173894 0.487133
vt 0.168937 0.566458
vt 0.185394 0.556848
vt 0.185044 0.538359
vt 0.181597 0.523044
vt 0.167190 0.512325
vt 0.171906 0.934614
vt 0.331444 0.582058
vt 0.137092 0.173786
vt 0.809382 0.915380
vt 0.134818 0.128890
vt 0.174269 0.993188
vt 0.292595 0.603559
vt 0.777885 0.901851
vt 0.403091 0.566909
vt 0.883378 0.933010
vt 0.854574 0.916206
vt 0.373094 0.582584
vt 0.445478 0.559886
vt 0.921150 0.939773
vt 0.337859 0.602184
vt 0.821846 0.898021
vt 0.296001 0.621722
vt 0.784703 0.883916
vt 0.435685 0.734501
vt 0.906499 0.770344
vt 0.405086 0.734705
vt 0.855448 0.775752
vt 0.878570 0.775158
vt 0.376893 0.736719
vt 0.347863 0.738349
vt 0.833071 0.771785
vt 0.316259 0.740254
vt 0.805970 0.765098
vt 0.342772 0.647143
vt 0.345645 0.695679
vt 0.375076 0.685241
vt 0.374271 0.630248
vt 0.855674 0.870392
vt 0.855575 0.818429
vt 0.828335 0.809026
vt 0.824858 0.855147
vt 0.423167 0.778224
vt 0.908293 0.724087
vt 0.397880 0.772242
vt 0.855647 0.716116
vt 0.880702 0.719247
vt 0.375920 0.771791
vt 0.354323 0.776703
vt 0.407814 0.953258
vt 0.883869 0.540815
vt 0.830803 0.716141
vt 0.329769 0.785026
vt 0.803534 0.719122
vt 0.235495 0.750649
vt 0.203395 0.341163
vt 0.168528 0.336716
vt 0.193864 0.758274
vt 0.245865 0.342367
vt 0.279276 0.744975
vt 0.422831 0.825801
vt 0.906640 0.674416
vt 0.399441 0.821506
vt 0.857071 0.669273
vt 0.880559 0.671760
vt 0.378694 0.821228
vt 0.357985 0.825343
vt 0.833442 0.668750
vt 0.334812 0.832301
vt 0.807316 0.670083
vt 0.393694 0.952886
vt 0.854852 0.540391
vt 0.868856 0.541006
vt 0.380290 0.953486
vt 0.366997 0.954985
vt 0.940244 0.975854
vt 0.949629 0.200670
vt 0.841004 0.539442
vt 0.352985 0.956892
vt 0.826222 0.538466
vt 0.242701 0.483270
vt 0.520145 0.074771
vt 0.523896 0.277743
vt 0.219122 0.566493
vt 0.248134 0.586523
vt 0.527493 0.177607
vt 0.214966 0.508738
vt 0.198603 0.526857
vt 0.201639 0.538256
vt 0.201754 0.552499
vt 0.257319 0.539573
vt 0.520987 0.222283
vt 0.252234 0.506762
vt 0.522535 0.254367
vt 0.237825 0.538775
vt 0.232237 0.558271
vt 0.254742 0.564424
vt 0.523994 0.198530
vt 0.229335 0.515820
vt 0.213510 0.526315
vt 0.219839 0.538437
vt 0.215555 0.550673
vt 0.429598 0.141627
vt 0.426112 0.119949
vt 0.421840 0.101413
vt 0.423976 0.251615
vt 0.432233 0.161929
vt 0.432730 0.178632
vt 0.431476 0.194560
vt 0.426313 0.233381
vt 0.429097 0.213346
vt 0.403654 0.142295
vt 0.400992 0.123110
vt 0.397783 0.104392
vt 0.399797 0.249618
vt 0.406109 0.160732
vt 0.407278 0.177772
vt 0.406752 0.194675
vt 0.402646 0.231161
vt 0.404882 0.212607
vt 0.082997 0.015783
vt 0.301271 0.156866
vt 0.078363 0.006043
vt 0.297055 0.144328
vt 0.745886 0.111597
vt 0.292595 0.134639
vt 0.295456 0.219501
vt 0.743493 0.120989
vt 0.090902 0.022930
vt 0.303493 0.169871
vt 0.099439 0.026142
vt 0.302412 0.180248
vt 0.721773 0.150795
vt 0.302220 0.187661
vt 0.727270 0.146269
vt 0.296919 0.212354
vt 0.740974 0.127417
vt 0.299986 0.200106
vt 0.734112 0.136814
vt 0.153639 0.555893
vt 0.594935 0.259109
vt 0.161336 0.549018
vt 0.593943 0.280614
vt 0.164070 0.539326
vt 0.593060 0.301321
vt 0.160946 0.529941
vt 0.592921 0.322328
vt 0.153000 0.523649
vt 0.593222 0.344634
vt 0.632854 0.260283
vt 0.632624 0.280574
vt 0.632510 0.301827
vt 0.632068 0.323038
vt 0.632351 0.343950
vt 0.428721 0.756160
vt 0.907189 0.747288
vt 0.323516 0.762475
vt 0.805003 0.742106
vt 0.879649 0.748623
vt 0.855618 0.747611
vt 0.832031 0.745038
vt 0.416829 0.213222
vt 0.420085 0.178084
vt 0.419044 0.161386
vt 0.445478 0.613655
vt 0.921150 0.886797
vt 0.441454 0.677009
vt 0.916438 0.824797
vt 0.406151 0.677885
vt 0.405204 0.617456
vt 0.311302 0.703511
vt 0.797355 0.800947
vt 0.303914 0.660282
vt 0.790453 0.844716
vt 0.886082 0.882728
vt 0.884746 0.824680
vt 0.357197 0.192606
vt 0.355122 0.208252
vt 0.345502 0.117525
vt 0.347421 0.238251
vt 0.349211 0.132350
vt 0.355906 0.163924
vt 0.352911 0.148208
vt 0.351534 0.223861
vt 0.357476 0.178244
vt 0.419130 0.194435
vt 0.416343 0.141663
vt 0.265362 0.423930
vt 0.275648 0.661373
vt 0.220286 0.423093
vt 0.236860 0.651160
vt 0.193291 0.657455
vt 0.175184 0.420276
vt 0.464076 0.161083
vt 0.499521 0.161751
vt 0.495955 0.177523
vt 0.461931 0.177641
vt 0.457716 0.217176
vt 0.490355 0.220124
vt 0.491303 0.248360
vt 0.457035 0.241232
vt 0.492974 0.197837
vt 0.459891 0.196522
vt 0.497712 0.097421
vt 0.461410 0.108637
vt 0.454243 0.093089
vt 0.455907 0.262310
vt 0.489149 0.083404
vt 0.491816 0.271246
vt 0.499397 0.132871
vt 0.463109 0.136550
vt 0.409014 0.990276
vt 0.884134 0.501903
vt 0.911772 0.174879
vt 0.395163 0.990636
vt 0.909053 0.181980
vt 0.856149 0.500686
vt 0.900550 0.166150
vt 0.869657 0.501406
vt 0.907967 0.168056
vt 0.382474 0.991433
vt 0.905242 0.184937
vt 0.369643 0.992622
vt 0.900047 0.183795
vt 0.885712 0.106712
vt 0.842620 0.499983
vt 0.894403 0.170910
vt 0.355742 0.993957
vt 0.828045 0.499440
vt 0.893702 0.178875
vt 0.934274 0.218241
vt 0.945960 0.989054
vt 0.956499 0.955656
vt 0.944557 0.962006
vt 0.913138 0.225837
vt 0.958377 0.993957
vt 0.891969 0.225001
vt 0.970245 0.987697
vt 0.957352 0.974988
vt 0.969005 0.960610
vt 0.871793 0.216773
vt 0.974634 0.973937
vt 0.899168 0.106899
vt 0.909258 0.112349
vt 0.881719 0.089205
vt 0.954411 0.892367
vt 0.864055 0.096911
vt 0.967793 0.892175
vt 0.873684 0.110777
vt 0.866716 0.117611
vt 0.852457 0.107094
vt 0.977312 0.896421
vt 0.902400 0.088880
vt 0.941007 0.896044
vt 0.919968 0.096178
vt 0.933236 0.905272
vt 0.907135 0.137968
vt 0.893416 0.136790
vt 0.881463 0.142319
vt 0.916123 0.146955
vt 0.936854 0.940647
vt 0.949629 0.139606
vt 0.968863 0.926414
vt 0.850675 0.158471
vt 0.977312 0.934900
vt 0.876119 0.152353
vt 0.942908 0.929061
vt 0.955666 0.924014
vt 0.056865 0.069114
vt 0.031612 0.061060
vt 0.027130 0.058726
vt 0.787739 0.137885
vt 0.084099 0.069763
vt 0.089787 0.069083
vt 0.745131 0.188451
vt 0.055148 0.075632
vt 0.786156 0.178305
vt 0.751480 0.186111
vt 0.786711 0.143797
vt 0.777580 0.171798
vt 0.737634 0.162075
vt 0.748739 0.148874
vt 0.036789 0.036251
vt 0.765601 0.125435
vt 0.086816 0.039059
vt 0.071291 0.028697
vt 0.758453 0.134556
vt 0.095454 0.043320
vt 0.730891 0.167450
vt 0.786310 0.155283
vt 0.762741 0.183686
vt 0.072377 0.078148
vt 0.765478 0.193280
vt 0.073446 0.071796
vt 0.038349 0.071467
vt 0.795703 0.155242
vt 0.040972 0.065345
vt 0.064623 0.041334
vt 0.757856 0.157363
vt 0.765611 0.148864
vt 0.075660 0.046047
vt 0.050703 0.037170
vt 0.751868 0.165894
vt 0.746599 0.222196
vt 0.756319 0.194565
vt 0.094549 0.102506
vt 0.747501 0.224780
vt 0.076414 0.081931
vt 0.760502 0.197606
vt 0.094629 0.099574
vt 0.079750 0.077536
vt 0.096858 0.097697
vt 0.085309 0.074413
vt 0.099439 0.098624
vt 0.742202 0.221973
vt 0.090838 0.073099
vt 0.746333 0.192893
vt 0.744710 0.220987
vt 0.751007 0.193297
vt 0.801452 0.221601
vt 0.777109 0.182551
vt 0.060039 0.116804
vt 0.804813 0.221465
vt 0.055086 0.079644
vt 0.782342 0.181091
vt 0.061182 0.114272
vt 0.059816 0.077077
vt 0.063946 0.114118
vt 0.066651 0.077644
vt 0.066070 0.116353
vt 0.798790 0.225837
vt 0.071379 0.081280
vt 0.769261 0.191192
vt 0.799191 0.223042
vt 0.772068 0.186765
vt 0.835672 0.185480
vt 0.791463 0.163928
vt 0.035791 0.114470
vt 0.838590 0.184461
vt 0.038467 0.074972
vt 0.794876 0.159866
vt 0.037533 0.112526
vt 0.043326 0.072711
vt 0.040337 0.112871
vt 0.049285 0.073818
vt 0.041614 0.115148
vt 0.834854 0.190522
vt 0.053061 0.078029
vt 0.788505 0.174733
vt 0.834238 0.187281
vt 0.788643 0.169417
vt 0.834441 0.125626
vt 0.791663 0.143060
vt 0.006043 0.092301
vt 0.835673 0.122009
vt 0.025725 0.061438
vt 0.791494 0.137774
vt 0.008381 0.092023
vt 0.029639 0.063599
vt 0.010547 0.093803
vt 0.034331 0.066024
vt 0.010591 0.096164
vt 0.838590 0.129616
vt 0.036581 0.070238
vt 0.797655 0.152759
vt 0.835539 0.127679
vt 0.793149 0.149251
vt 0.018634 0.078050
vt 0.021742 0.080525
vt 0.024219 0.082884
vt 0.817687 0.142078
vt 0.012507 0.086138
vt 0.015322 0.088445
vt 0.040167 0.095184
vt 0.043919 0.095807
vt 0.038446 0.106347
vt 0.041764 0.106775
vt 0.799850 0.217615
vt 0.067811 0.107657
vt 0.789780 0.217207
vt 0.060231 0.098169
vt 0.064378 0.098186
vt 0.793274 0.215358
vt 0.796406 0.219739
vt 0.060463 0.109307
vt 0.064185 0.108991
vt 0.097565 0.090807
vt 0.742403 0.213105
vt 0.745215 0.217619
vt 0.087882 0.089433
vt 0.091556 0.086902
vt 0.088491 0.097008
vt 0.752934 0.217473
vt 0.748236 0.219097
vt 0.092253 0.096369
vt 0.095246 0.094099
vt 0.025607 0.008235
vt 0.800797 0.110513
vt 0.028096 0.011358
vt 0.048136 0.017006
vt 0.027786 0.013720
vt 0.043679 0.021654
vt 0.024481 0.014458
vt 0.799471 0.116944
vt 0.797338 0.114632
vt 0.798044 0.112608
vt 0.067183 0.009872
vt 0.758499 0.109225
vt 0.056984 0.028338
vt 0.041558 0.030668
vt 0.774939 0.124520
vt 0.757730 0.116669
vt 0.067094 0.019280
vt 0.768317 0.121787
vt 0.033340 0.012377
vt 0.032276 0.015506
vt 0.811045 0.135073
vt 0.812932 0.139643
vt 0.017081 0.074091
vt 0.809486 0.130855
vt 0.025819 0.081160
vt 0.814905 0.143629
vt 0.819071 0.136635
vt 0.014272 0.078260
vt 0.815395 0.128346
vt 0.022510 0.084828
vt 0.820716 0.140548
vt 0.817158 0.132213
vt 0.824024 0.129285
vt 0.825813 0.133368
vt 0.010849 0.082949
vt 0.822327 0.125626
vt 0.018731 0.089359
vt 0.827372 0.137066
vt 0.015745 0.092289
vt 0.832006 0.134479
vt 0.828697 0.127406
vt 0.830321 0.131124
vt 0.008739 0.086494
vt 0.827337 0.123817
vt 0.035616 0.104082
vt 0.828022 0.175823
vt 0.823844 0.183459
vt 0.825908 0.179549
vt 0.045248 0.105552
vt 0.822212 0.187174
vt 0.809505 0.177265
vt 0.037240 0.092122
vt 0.813382 0.168816
vt 0.047843 0.094006
vt 0.807653 0.181171
vt 0.811585 0.172928
vt 0.046594 0.099410
vt 0.814415 0.183903
vt 0.818270 0.175958
vt 0.816214 0.180072
vt 0.036468 0.097744
vt 0.820186 0.171954
vt 0.830610 0.182091
vt 0.035409 0.108300
vt 0.832998 0.178869
vt 0.828653 0.185527
vt 0.044008 0.109514
vt 0.827387 0.188974
vt 0.787858 0.199018
vt 0.788080 0.208243
vt 0.783689 0.202032
vt 0.057104 0.101415
vt 0.795867 0.202796
vt 0.056832 0.095367
vt 0.791713 0.196379
vt 0.067843 0.101208
vt 0.784621 0.210415
vt 0.068306 0.095647
vt 0.780276 0.204561
vt 0.792188 0.205483
vt 0.797096 0.213056
vt 0.057139 0.108329
vt 0.800555 0.210523
vt 0.058219 0.112809
vt 0.803427 0.215833
vt 0.067178 0.112079
vt 0.793375 0.222379
vt 0.751292 0.210401
vt 0.085742 0.093124
vt 0.754904 0.212460
vt 0.095715 0.086580
vt 0.743416 0.208010
vt 0.748482 0.204293
vt 0.083373 0.089737
vt 0.756566 0.208003
vt 0.094085 0.082859
vt 0.744331 0.203497
vt 0.752682 0.205966
vt 0.747369 0.208737
vt 0.749717 0.215251
vt 0.098844 0.094625
vt 0.741748 0.217607
vt 0.091222 0.100089
vt 0.750744 0.221631
vt 0.746159 0.213630
vt 0.779258 0.111751
vt 0.037198 0.024024
vt 0.783440 0.121434
vt 0.046624 0.010870
vt 0.779077 0.106326
vt 0.781110 0.116715
vt 0.775417 0.118120
vt 0.771619 0.112706
vt 0.039825 0.026899
vt 0.779239 0.122620
vt 0.054772 0.011204
vt 0.771017 0.106911
vt 0.037134 0.008810
vt 0.789170 0.106578
vt 0.031581 0.020292
vt 0.790589 0.119907
vt 0.788632 0.111504
vt 0.789552 0.116006
vt 0.028791 0.018491
vt 0.793912 0.119065
vt 0.793054 0.111720
vt 0.032426 0.008072
vt 0.794249 0.107349
vt 0.793401 0.115656
vt 0.090452 0.062645
vt 0.742452 0.182784
vt 0.757636 0.174625
vt 0.029132 0.052744
vt 0.781091 0.135757
vt 0.779234 0.142560
vt 0.768551 0.164824
vt 0.748850 0.179282
vt 0.776495 0.151986
vt 0.659074 0.261331
vt 0.654699 0.284564
vt 0.652322 0.302118
vt 0.647883 0.330405
vt 0.652147 0.351826
vt 0.681080 0.346600
vt 0.705055 0.347421
vt 0.722038 0.268196
vt 0.691059 0.259998
vt 0.686554 0.282627
vt 0.714261 0.288931
vt 0.746272 0.286561
vt 0.737966 0.299750
vt 0.733075 0.313800
vt 0.730190 0.331615
vt 0.730516 0.346265
vt 0.681189 0.329918
vt 0.706907 0.332036
vt 0.683407 0.304138
vt 0.709609 0.308532
vt 0.160447 0.890017
vt 0.153254 0.708411
vt 0.129985 0.221031
vt 0.138197 0.380414
vt 0.149637 0.620773
vt 0.141934 0.454786
vt 0.133631 0.291496
vt 0.158497 0.840365
vt 0.143416 0.485432
vt 0.148274 0.589787
vt 0.144556 0.509786
vt 0.147411 0.570432
vt 0.162039 0.930590
vt 0.127780 0.178472
vt 0.135979 0.337075
vt 0.155358 0.760923
vt 0.145105 0.521954
vt 0.593292 0.362571
vt 0.146903 0.558227
vt 0.595145 0.482021
vt 0.595276 0.243170
vt 0.632351 0.362593
vt 0.632154 0.480886
vt 0.632264 0.244338
vt 0.140216 0.420282
vt 0.151311 0.660753
vt 0.653276 0.362602
vt 0.659404 0.484693
vt 0.659501 0.240557
vt 0.735004 0.362622
vt 0.758024 0.449220
vt 0.758041 0.276076
vt 0.764757 0.320286
vt 0.764766 0.404984
vt 0.754235 0.345338
vt 0.754243 0.379915
vt 0.765799 0.298711
vt 0.765799 0.426574
vt 0.680995 0.362612
vt 0.704413 0.362619
vt 0.731334 0.475107
vt 0.731384 0.250189
vt 0.694800 0.487355
vt 0.694880 0.237923
vt 0.125235 0.129375
vt 0.164519 0.993581
f 94/94 11/11 3/3
f 94/94 3/3 91/91
f 95/95 28/28 6/6
f 95/95 6/6 92/92
f 11/11 228/228 227/227
f 11/11 227/227 3/3
f 12/12 1183/1183 1194/1194
f 12/12 1194/1194 45/45
f 93/93 16/16 1184/1184
f 93/93 1184/1184 1195/1195
f 39/39 40/40 125/125
f 39/39 125/125 126/126
f 7/7 17/17 34/34
f 7/7 34/34 35/35
f 1206/1206 1185/1185 17/17
f 1206/1206 17/17 228/228
f 7/7 30/30 225/225
f 7/7 225/225 227/227
f 92/92 6/6 16/16
f 92/92 16/16 93/93
f 42/42 41/41 182/182
f 42/42 182/182 184/184
f 1196/1196 1182/1182 11/11
f 1196/1196 11/11 94/94
f 1181/1181 1188/1188 22/22
f 1181/1181 22/22 14/14
f 4/4 20/20 21/21
f 4/4 21/21 12/12
f 12/12 21/21 1187/1187
f 12/12 1187/1187 1183/1183
f 23/23 32/32 20/20
f 23/23 20/20 4/4
f 14/14 22/22 19/19
f 14/14 19/19 1/1
f 1/1 19/19 33/33
f 1/1 33/33 24/24
f 55/55 51/51 2/2
f 55/55 2/2 25/25
f 1186/1186 18/18 37/37
f 1186/1186 37/37 1189/1189
f 37/37 36/36 41/41
f 37/37 41/41 42/42
f 39/39 38/38 176/176
f 39/39 176/176 178/178
f 52/52 56/56 26/26
f 52/52 26/26 5/5
f 91/91 3/3 27/27
f 91/91 27/27 96/96
f 34/34 1190/1190 1192/1192
f 34/34 1192/1192 38/38
f 36/36 9/9 117/117
f 36/36 117/117 123/123
f 39/39 178/178 180/180
f 39/39 180/180 40/40
f 35/35 39/39 126/126
f 35/35 126/126 120/120
f 17/17 1185/1185 1190/1190
f 17/17 1190/1190 34/34
f 7/7 35/35 120/120
f 7/7 120/120 121/121
f 226/226 224/224 29/29
f 226/226 29/29 9/9
f 35/35 34/34 38/38
f 35/35 38/38 39/39
f 1191/1191 42/42 184/184
f 1191/1191 184/184 1197/1197
f 38/38 1192/1192 1199/1199
f 38/38 1199/1199 176/176
f 1189/1189 37/37 42/42
f 1189/1189 42/42 1191/1191
f 226/226 9/9 18/18
f 226/226 18/18 229/229
f 1181/1181 14/14 43/43
f 1181/1181 43/43 1193/1193
f 53/53 52/52 5/5
f 53/53 5/5 13/13
f 58/58 53/53 13/13
f 58/58 13/13 46/46
f 60/60 58/58 46/46
f 60/60 46/46 50/50
f 57/57 59/59 49/49
f 57/57 49/49 44/44
f 54/54 57/57 44/44
f 54/54 44/44 15/15
f 192/192 195/195 83/83
f 192/192 83/83 80/80
f 89/89 193/193 85/85
f 191/191 79/79 81/81
f 58/58 60/60 210/210
f 58/58 210/210 78/78
f 76/76 77/77 68/68
f 76/76 68/68 64/64
f 72/72 73/73 66/66
f 72/72 66/66 67/67
f 205/205 203/203 61/61
f 205/205 61/61 63/63
f 207/207 72/72 67/67
f 207/207 67/67 69/69
f 204/204 212/212 65/65
f 204/204 65/65 62/62
f 73/73 205/205 63/63
f 73/73 63/63 66/66
f 212/212 76/76 64/64
f 212/212 64/64 65/65
f 59/59 57/57 71/71
f 59/59 71/71 209/209
f 202/202 211/211 212/212
f 202/202 212/212 204/204
f 56/56 52/52 211/211
f 56/56 211/211 202/202
f 74/74 206/206 205/205
f 74/74 205/205 73/73
f 54/54 51/51 206/206
f 54/54 206/206 74/74
f 211/211 75/75 76/76
f 211/211 76/76 212/212
f 52/52 53/53 75/75
f 52/52 75/75 211/211
f 78/78 210/210 208/208
f 78/78 208/208 77/77
f 88/88 90/90 106/106
f 88/88 106/106 104/104
f 83/83 82/82 100/100
f 83/83 100/100 101/101
f 84/84 81/81 99/99
f 84/84 99/99 102/102
f 80/80 83/83 101/101
f 80/80 101/101 98/98
f 63/63 191/191 81/81
f 67/67 66/66 84/84
f 67/67 84/84 85/85
f 195/195 196/196 82/82
f 195/195 82/82 83/83
f 197/197 194/194 90/90
f 197/197 90/90 88/88
f 19/19 91/91 96/96
f 19/19 96/96 33/33
f 1188/1188 1196/1196 94/94
f 1188/1188 94/94 22/22
f 20/20 92/92 93/93
f 20/20 93/93 21/21
f 21/21 93/93 1195/1195
f 21/21 1195/1195 1187/1187
f 32/32 95/95 92/92
f 32/32 92/92 20/20
f 22/22 94/94 91/91
f 22/22 91/91 19/19
f 105/105 103/103 111/111
f 105/105 111/111 115/115
f 99/99 97/97 86/86
f 99/99 86/86 107/107
f 82/82 88/88 104/104
f 82/82 104/104 100/100
f 85/85 84/84 102/102
f 85/85 102/102 103/103
f 81/81 79/79 97/97
f 81/81 97/97 99/99
f 89/89 85/85 103/103
f 89/89 103/103 105/105
f 110/110 107/107 251/251
f 110/110 251/251 257/257
f 87/87 109/109 255/255
f 87/87 255/255 249/249
f 115/115 111/111 259/259
f 115/115 259/259 264/264
f 107/107 86/86 248/248
f 107/107 248/248 251/251
f 101/101 100/100 108/108
f 101/101 108/108 109/109
f 104/104 106/106 116/116
f 104/104 116/116 114/114
f 100/100 104/104 114/114
f 100/100 114/114 108/108
f 110/110 111/111 103/103
f 110/110 103/103 102/102
f 229/229 18/18 1186/1186
f 229/229 1186/1186 1205/1205
f 227/227 225/225 27/27
f 227/227 27/27 3/3
f 126/126 125/125 137/137
f 126/126 137/137 138/138
f 121/121 120/120 132/132
f 121/121 132/132 133/133
f 123/123 117/117 129/129
f 123/123 129/129 135/135
f 41/41 36/36 123/123
f 41/41 123/123 124/124
f 40/40 41/41 124/124
f 40/40 124/124 125/125
f 242/242 241/241 140/140
f 242/242 140/140 141/141
f 233/233 239/239 145/145
f 233/233 145/145 144/144
f 127/127 133/133 132/132
f 127/127 132/132 131/131
f 135/135 131/131 137/137
f 135/135 137/137 136/136
f 131/131 132/132 138/138
f 131/131 138/138 137/137
f 129/129 127/127 131/131
f 129/129 131/131 135/135
f 120/120 126/126 138/138
f 120/120 138/138 132/132
f 124/124 123/123 135/135
f 124/124 135/135 136/136
f 230/230 233/233 144/144
f 230/230 144/144 143/143
f 125/125 124/124 136/136
f 125/125 136/136 137/137
f 143/143 144/144 199/199
f 143/143 199/199 200/200
f 223/223 200/200 152/152
f 223/223 152/152 148/148
f 222/222 198/198 156/156
f 222/222 156/156 154/154
f 234/234 237/237 146/146
f 234/234 146/146 147/147
f 239/239 234/234 147/147
f 239/239 147/147 145/145
f 237/237 243/243 142/142
f 237/237 142/142 146/146
f 241/241 247/247 139/139
f 241/241 139/139 140/140
f 217/217 219/219 157/157
f 217/217 157/157 159/159
f 219/219 218/218 165/165
f 219/219 165/165 157/157
f 213/213 214/214 174/174
f 213/213 174/174 170/170
f 140/140 139/139 223/223
f 144/144 145/145 222/222
f 144/144 222/222 199/199
f 156/156 198/198 155/155
f 200/200 199/199 153/153
f 200/200 153/153 152/152
f 215/215 217/217 159/159
f 215/215 159/159 162/162
f 214/214 220/220 172/172
f 214/214 172/172 174/174
f 220/220 216/216 163/163
f 220/220 163/163 172/172
f 221/221 213/213 170/170
f 221/221 170/170 167/167
f 179/179 177/177 186/186
f 179/179 186/186 187/187
f 1198/1198 185/185 190/190
f 1198/1198 190/190 1202/1202
f 177/177 1200/1200 1203/1203
f 177/177 1203/1203 186/186
f 183/183 181/181 188/188
f 183/183 188/188 189/189
f 18/18 9/9 36/36
f 18/18 36/36 37/37
f 181/181 179/179 187/187
f 181/181 187/187 188/188
f 185/185 183/183 189/189
f 185/185 189/189 190/190
f 196/196 197/197 88/88
f 196/196 88/88 82/82
f 64/64 68/68 197/197
f 64/64 197/197 196/196
f 68/68 70/70 194/194
f 68/68 194/194 197/197
f 65/65 64/64 196/196
f 65/65 196/196 195/195
f 63/63 61/61 191/191
f 69/69 67/67 193/193
f 62/62 65/65 195/195
f 62/62 195/195 192/192
f 139/139 143/143 200/200
f 139/139 200/200 223/223
f 145/145 147/147 198/198
f 145/145 198/198 222/222
f 148/148 149/149 223/223
f 146/146 142/142 151/151
f 146/146 151/151 155/155
f 147/147 146/146 198/198
f 149/149 140/140 223/223
f 67/67 85/85 193/193
f 66/66 63/63 81/81
f 66/66 81/81 84/84
f 77/77 208/208 70/70
f 77/77 70/70 68/68
f 209/209 71/71 72/72
f 209/209 72/72 207/207
f 51/51 55/55 201/201
f 51/51 201/201 206/206
f 206/206 201/201 203/203
f 206/206 203/203 205/205
f 57/57 54/54 74/74
f 57/57 74/74 71/71
f 71/71 74/74 73/73
f 71/71 73/73 72/72
f 53/53 58/58 78/78
f 53/53 78/78 75/75
f 75/75 78/78 77/77
f 75/75 77/77 76/76
f 51/51 54/54 15/15
f 51/51 15/15 2/2
f 40/40 180/180 182/182
f 40/40 182/182 41/41
f 218/218 221/221 167/167
f 218/218 167/167 165/165
f 152/152 153/153 221/221
f 152/152 221/221 218/218
f 153/153 154/154 213/213
f 153/153 213/213 221/221
f 155/155 151/151 216/216
f 155/155 216/216 220/220
f 156/156 155/155 220/220
f 156/156 220/220 214/214
f 150/150 149/149 217/217
f 150/150 217/217 215/215
f 154/154 156/156 214/214
f 154/154 214/214 213/213
f 148/148 152/152 218/218
f 148/148 218/218 219/219
f 149/149 148/148 219/219
f 149/149 219/219 217/217
f 199/199 222/222 154/154
f 199/199 154/154 153/153
f 141/141 140/140 149/149
f 141/141 149/149 150/150
f 146/146 155/155 198/198
f 107/107 110/110 102/102
f 107/107 102/102 99/99
f 6/6 226/226 229/229
f 6/6 229/229 16/16
f 228/228 17/17 7/7
f 228/228 7/7 227/227
f 6/6 28/28 224/224
f 6/6 224/224 226/226
f 16/16 229/229 1205/1205
f 16/16 1205/1205 1184/1184
f 1182/1182 1206/1206 228/228
f 1182/1182 228/228 11/11
f 247/247 230/230 143/143
f 247/247 143/143 139/139
f 31/31 8/8 231/231
f 31/31 231/231 246/246
f 246/246 231/231 230/230
f 246/246 230/230 247/247
f 10/10 31/31 246/246
f 10/10 246/246 240/240
f 240/240 246/246 247/247
f 240/240 247/247 241/241
f 130/130 119/119 245/245
f 130/130 245/245 236/236
f 236/236 245/245 243/243
f 236/236 243/243 237/237
f 134/134 128/128 235/235
f 134/134 235/235 238/238
f 238/238 235/235 234/234
f 238/238 234/234 239/239
f 128/128 130/130 236/236
f 128/128 236/236 235/235
f 235/235 236/236 237/237
f 235/235 237/237 234/234
f 8/8 122/122 232/232
f 8/8 232/232 231/231
f 231/231 232/232 233/233
f 231/231 233/233 230/230
f 122/122 134/134 238/238
f 122/122 238/238 232/232
f 232/232 238/238 239/239
f 232/232 239/239 233/233
f 118/118 10/10 240/240
f 118/118 240/240 244/244
f 244/244 240/240 241/241
f 244/244 241/241 242/242
f 252/252 250/250 112/112
f 252/252 112/112 267/267
f 260/260 258/258 271/271
f 260/260 271/271 273/273
f 301/301 299/299 284/284
f 301/301 284/284 288/288
f 109/109 108/108 253/253
f 109/109 253/253 255/255
f 114/114 116/116 265/265
f 114/114 265/265 262/262
f 108/108 114/114 262/262
f 108/108 262/262 253/253
f 111/111 110/110 257/257
f 111/111 257/257 259/259
f 113/113 270/270 269/269
f 113/113 269/269 275/275
f 268/268 113/113 275/275
f 268/268 275/275 272/272
f 275/275 269/269 276/276
f 275/275 276/276 278/278
f 272/272 275/275 278/278
f 272/272 278/278 274/274
f 266/266 260/260 273/273
f 266/266 273/273 277/277
f 297/297 296/296 280/280
f 297/297 280/280 291/291
f 258/258 252/252 267/267
f 258/258 267/267 271/271
f 296/296 293/293 279/279
f 296/296 279/279 280/280
f 261/261 285/285 283/283
f 261/261 283/283 281/281
f 285/285 286/286 287/287
f 285/285 287/287 283/283
f 280/280 279/279 289/289
f 280/280 289/289 291/291
f 279/279 261/261 281/281
f 279/279 281/281 289/289
f 294/294 295/295 285/285
f 294/294 285/285 261/261
f 295/295 302/302 286/286
f 295/295 286/286 285/285
f 304/304 303/303 290/290
f 304/304 290/290 282/282
f 299/299 304/304 282/282
f 299/299 282/282 284/284
f 303/303 298/298 292/292
f 303/303 292/292 290/290
f 302/302 300/300 287/287
f 302/302 287/287 286/286
f 98/98 101/101 109/109
f 98/98 109/109 87/87
f 256/256 254/254 294/294
f 256/256 294/294 293/293
f 266/266 277/277 300/300
f 266/266 300/300 302/302
f 270/270 113/113 298/298
f 270/270 298/298 303/303
f 276/276 269/269 304/304
f 276/276 304/304 299/299
f 269/269 270/270 303/303
f 269/269 303/303 304/304
f 263/263 266/266 302/302
f 263/263 302/302 295/295
f 254/254 263/263 295/295
f 254/254 295/295 294/294
f 250/250 256/256 293/293
f 250/250 293/293 296/296
f 112/112 250/250 296/296
f 112/112 296/296 297/297
f 278/278 276/276 299/299
f 278/278 299/299 301/301
f 293/293 294/294 261/261
f 293/293 261/261 279/279
f 317/317 318/318 335/335
f 317/317 335/335 339/339
f 569/569 562/562 324/324
f 569/569 324/324 317/317
f 166/166 169/169 325/325
f 166/166 325/325 321/321
f 168/168 171/171 317/317
f 168/168 317/317 324/324
f 173/173 164/164 319/319
f 173/173 319/319 323/323
f 175/175 173/173 323/323
f 175/175 323/323 318/318
f 436/436 549/549 444/444
f 436/436 444/444 449/449
f 171/171 175/175 318/318
f 171/171 318/318 317/317
f 158/158 166/166 321/321
f 158/158 321/321 322/322
f 448/448 450/450 319/319
f 448/448 319/319 164/164
f 321/321 337/337 334/334
f 321/321 334/334 322/322
f 307/307 315/315 567/567
f 307/307 567/567 565/565
f 565/565 567/567 323/323
f 565/565 323/323 319/319
f 323/323 336/336 335/335
f 323/323 335/335 318/318
f 341/341 355/355 314/314
f 341/341 314/314 327/327
f 344/344 341/341 327/327
f 344/344 327/327 328/328
f 373/373 387/387 316/316
f 373/373 316/316 326/326
f 320/320 306/306 566/566
f 376/376 373/373 326/326
f 376/376 326/326 331/331
f 568/568 564/564 339/339
f 568/568 339/339 335/335
f 333/333 338/338 334/334
f 333/333 334/334 305/305
f 564/564 569/569 317/317
f 564/564 317/317 339/339
f 432/432 427/427 524/524
f 432/432 524/524 424/424
f 526/526 530/530 341/341
f 526/526 341/341 344/344
f 426/426 527/527 345/345
f 426/426 345/345 347/347
f 426/426 347/347 349/349
f 426/426 349/349 427/427
f 347/347 345/345 329/329
f 347/347 329/329 330/330
f 427/427 349/349 353/353
f 427/427 353/353 529/529
f 525/525 528/528 352/352
f 525/525 352/352 355/355
f 340/340 342/342 350/350
f 340/340 350/350 354/354
f 506/506 501/501 357/357
f 506/506 357/357 360/360
f 417/417 507/507 361/361
f 417/417 361/361 363/363
f 417/417 363/363 365/365
f 417/417 365/365 418/418
f 371/371 368/368 328/328
f 371/371 328/328 327/327
f 511/511 418/418 365/365
f 511/511 365/365 369/369
f 503/503 510/510 368/368
f 503/503 368/368 371/371
f 356/356 358/358 366/366
f 356/356 366/366 370/370
f 492/492 489/489 486/486
f 492/492 486/486 483/483
f 410/410 485/485 377/377
f 410/410 377/377 379/379
f 410/410 379/379 381/381
f 410/410 381/381 411/411
f 411/411 381/381 385/385
f 411/411 385/385 487/487
f 379/379 377/377 332/332
f 379/379 332/332 333/333
f 483/483 486/486 384/384
f 483/483 384/384 387/387
f 488/488 483/483 387/387
f 488/488 387/387 373/373
f 372/372 374/374 382/382
f 372/372 382/382 386/386
f 455/455 453/453 389/389
f 455/455 389/389 392/392
f 404/404 456/456 393/393
f 404/404 393/393 395/395
f 404/404 395/395 397/397
f 404/404 397/397 405/405
f 403/403 400/400 331/331
f 403/403 331/331 326/326
f 458/458 405/405 397/397
f 458/458 397/397 401/401
f 454/454 457/457 400/400
f 454/454 400/400 403/403
f 388/388 390/390 398/398
f 388/388 398/398 402/402
f 389/389 403/403 326/326
f 389/389 326/326 315/315
f 392/392 389/389 315/315
f 392/392 315/315 307/307
f 357/357 371/371 327/327
f 357/357 327/327 316/316
f 360/360 357/357 316/316
f 360/360 316/316 312/312
f 401/401 397/397 333/333
f 401/401 333/333 332/332
f 395/395 393/393 308/308
f 395/395 308/308 306/306
f 397/397 395/395 306/306
f 397/397 306/306 333/333
f 387/387 384/384 312/312
f 387/387 312/312 316/316
f 381/381 379/379 333/333
f 381/381 333/333 305/305
f 385/385 381/381 305/305
f 385/385 305/305 313/313
f 369/369 365/365 330/330
f 369/369 330/330 329/329
f 363/363 361/361 313/313
f 363/363 313/313 305/305
f 349/349 347/347 330/330
f 349/349 330/330 309/309
f 365/365 363/363 305/305
f 365/365 305/305 330/330
f 355/355 352/352 310/310
f 355/355 310/310 314/314
f 353/353 349/349 309/309
f 353/353 309/309 311/311
f 467/467 465/465 464/464
f 467/467 464/464 460/460
f 465/465 466/466 459/459
f 465/465 459/459 464/464
f 466/466 469/469 462/462
f 466/466 462/462 459/459
f 409/409 405/405 463/463
f 409/409 463/463 470/470
f 408/408 404/404 405/405
f 408/408 405/405 409/409
f 391/391 476/476 408/408
f 391/391 408/408 394/394
f 495/495 496/496 374/374
f 495/495 374/374 372/372
f 382/382 499/499 498/498
f 382/382 498/498 386/386
f 412/412 478/478 494/494
f 412/412 494/494 410/410
f 378/378 412/412 413/413
f 378/378 413/413 380/380
f 375/375 497/497 412/412
f 375/375 412/412 378/378
f 380/380 413/413 500/500
f 380/380 500/500 383/383
f 370/370 420/420 414/414
f 370/370 414/414 356/356
f 383/383 375/375 378/378
f 383/383 378/378 380/380
f 399/399 391/391 394/394
f 399/399 394/394 396/396
f 366/366 518/518 420/420
f 366/366 420/420 370/370
f 359/359 517/517 421/421
f 359/359 421/421 362/362
f 421/421 417/417 418/418
f 421/421 418/418 422/422
f 364/364 422/422 519/519
f 364/364 519/519 367/367
f 430/430 535/535 342/342
f 430/430 342/342 340/340
f 431/431 429/429 522/522
f 431/431 522/522 426/426
f 535/535 430/430 532/532
f 535/535 532/532 428/428
f 348/348 432/432 534/534
f 348/348 534/534 351/351
f 351/351 343/343 346/346
f 351/351 346/346 348/348
f 367/367 359/359 362/362
f 367/367 362/362 364/364
f 451/451 551/551 542/542
f 451/451 542/542 436/436
f 433/433 439/439 441/441
f 433/433 441/441 442/442
f 443/443 448/448 164/164
f 443/443 164/164 160/160
f 450/450 446/446 319/319
f 445/445 449/449 158/158
f 445/445 158/158 322/322
f 436/436 542/542 549/549
f 545/545 544/544 450/450
f 545/545 450/450 448/448
f 548/548 545/545 448/448
f 548/548 448/448 443/443
f 544/544 546/546 446/446
f 544/544 446/446 450/450
f 547/547 438/438 445/445
f 547/547 445/445 447/447
f 437/437 452/452 557/557
f 437/437 557/557 440/440
f 435/435 437/437 440/440
f 435/435 440/440 434/434
f 454/454 459/459 462/462
f 406/406 457/457 454/454
f 462/462 406/406 454/454
f 404/404 461/461 456/456
f 405/405 458/458 407/407
f 460/460 464/464 453/453
f 460/460 453/453 455/455
f 464/464 459/459 454/454
f 464/464 454/454 453/453
f 463/463 405/405 407/407
f 453/453 454/454 403/403
f 453/453 403/403 389/389
f 472/472 409/409 470/470
f 473/473 474/474 466/466
f 473/473 466/466 465/465
f 402/402 474/474 473/473
f 402/402 473/473 388/388
f 408/408 476/476 468/468
f 398/398 471/471 474/474
f 398/398 474/474 402/402
f 396/396 409/409 472/472
f 396/396 472/472 399/399
f 394/394 408/408 409/409
f 394/394 409/409 396/396
f 473/473 475/475 390/390
f 473/473 390/390 388/388
f 408/408 468/468 461/461
f 408/408 461/461 404/404
f 475/475 473/473 465/465
f 475/475 465/465 467/467
f 474/474 471/471 469/469
f 474/474 469/469 466/466
f 484/484 488/488 373/373
f 484/484 373/373 376/376
f 412/412 497/497 478/478
f 493/493 491/491 488/488
f 493/493 488/488 484/484
f 490/490 411/411 487/487
f 412/412 410/410 411/411
f 412/412 411/411 413/413
f 386/386 498/498 495/495
f 386/386 495/495 372/372
f 480/480 479/479 492/492
f 480/480 492/492 491/491
f 477/477 480/480 491/491
f 477/477 491/491 493/493
f 491/491 492/492 483/483
f 491/491 483/483 488/488
f 413/413 411/411 490/490
f 413/413 490/490 482/482
f 498/498 499/499 481/481
f 498/498 481/481 479/479
f 496/496 495/495 480/480
f 496/496 480/480 477/477
f 410/410 494/494 485/485
f 495/495 498/498 479/479
f 495/495 479/479 480/480
f 500/500 413/413 482/482
f 479/479 481/481 489/489
f 479/479 489/489 492/492
f 419/419 415/415 508/508
f 419/419 508/508 502/502
f 513/513 419/419 502/502
f 513/513 502/502 512/512
f 362/362 421/421 422/422
f 362/362 422/422 364/364
f 504/504 514/514 513/513
f 504/504 513/513 512/512
f 501/501 503/503 371/371
f 501/501 371/371 357/357
f 419/419 513/513 414/414
f 419/419 414/414 420/420
f 509/509 418/418 511/511
f 417/417 505/505 507/507
f 504/504 512/512 501/501
f 504/504 501/501 506/506
f 502/502 503/503 501/501
f 502/502 501/501 512/512
f 513/513 514/514 516/516
f 513/513 516/516 414/414
f 415/415 419/419 420/420
f 415/415 420/420 518/518
f 421/421 515/515 505/505
f 421/421 505/505 417/417
f 515/515 421/421 517/517
f 502/502 508/508 510/510
f 502/502 510/510 503/503
f 422/422 418/418 509/509
f 422/422 509/509 416/416
f 414/414 516/516 358/358
f 414/414 358/358 356/356
f 416/416 519/519 422/422
f 431/431 426/426 427/427
f 431/431 427/427 432/432
f 537/537 423/423 523/523
f 537/537 523/523 531/531
f 534/534 432/432 424/424
f 532/532 537/537 531/531
f 532/532 531/531 520/520
f 521/521 428/428 532/532
f 521/521 532/532 520/520
f 533/533 423/423 537/537
f 533/533 537/537 425/425
f 346/346 431/431 432/432
f 346/346 432/432 348/348
f 430/430 425/425 537/537
f 430/430 537/537 532/532
f 431/431 536/536 429/429
f 531/531 525/525 530/530
f 531/531 530/530 520/520
f 523/523 528/528 525/525
f 523/523 525/525 531/531
f 530/530 526/526 521/521
f 530/530 521/521 520/520
f 529/529 524/524 427/427
f 350/350 533/533 425/425
f 350/350 425/425 354/354
f 530/530 525/525 355/355
f 530/530 355/355 341/341
f 343/343 536/536 431/431
f 343/343 431/431 346/346
f 522/522 527/527 426/426
f 354/354 425/425 430/430
f 354/354 430/430 340/340
f 550/550 554/554 538/538
f 550/550 538/538 541/541
f 554/554 555/555 543/543
f 554/554 543/543 538/538
f 555/555 552/552 539/539
f 555/555 539/539 543/543
f 452/452 438/438 540/540
f 452/452 540/540 553/553
f 541/541 538/538 545/545
f 541/541 545/545 548/548
f 538/538 543/543 544/544
f 538/538 544/544 545/545
f 543/543 539/539 546/546
f 543/543 546/546 544/544
f 438/438 436/436 449/449
f 438/438 449/449 445/445
f 540/540 438/438 547/547
f 439/439 556/556 561/561
f 439/439 561/561 441/441
f 441/441 561/561 558/558
f 441/441 558/558 442/442
f 442/442 558/558 559/559
f 442/442 559/559 433/433
f 560/560 451/451 435/435
f 560/560 435/435 434/434
f 451/451 436/436 438/438
f 451/451 438/438 452/452
f 557/557 452/452 553/553
f 561/561 556/556 552/552
f 561/561 552/552 555/555
f 558/558 561/561 555/555
f 558/558 555/555 554/554
f 559/559 558/558 554/554
f 559/559 554/554 550/550
f 451/451 560/560 551/551
f 435/435 451/451 452/452
f 435/435 452/452 437/437
f 449/449 444/444 161/161
f 449/449 161/161 158/158
f 337/337 321/321 309/309
f 337/337 309/309 330/330
f 570/570 568/568 335/335
f 570/570 335/335 336/336
f 334/334 337/337 330/330
f 334/334 330/330 305/305
f 570/570 567/567 315/315
f 570/570 315/315 326/326
f 562/562 569/569 314/314
f 562/562 314/314 310/310
f 327/327 564/564 568/568
f 327/327 568/568 316/316
f 569/569 564/564 327/327
f 569/569 327/327 314/314
f 563/563 309/309 321/321
f 563/563 321/321 325/325
f 311/311 309/309 563/563
f 566/566 306/306 308/308
f 568/568 570/570 326/326
f 568/568 326/326 316/316
f 320/320 338/338 333/333
f 320/320 333/333 306/306
f 567/567 570/570 336/336
f 567/567 336/336 323/323
f 188/188 187/187 572/572
f 188/188 572/572 573/573
f 186/186 1203/1203 1208/1208
f 186/186 1208/1208 571/571
f 189/189 188/188 573/573
f 189/189 573/573 574/574
f 190/190 189/189 574/574
f 190/190 574/574 575/575
f 1202/1202 190/190 575/575
f 1202/1202 575/575 1207/1207
f 187/187 186/186 571/571
f 187/187 571/571 572/572
f 590/590 584/584 585/585
f 590/590 585/585 588/588
f 581/581 583/583 584/584
f 581/581 584/584 590/590
f 577/577 586/586 1210/1210
f 577/577 1210/1210 1220/1220
f 1221/1221 1211/1211 582/582
f 1221/1221 582/582 578/578
f 571/571 579/579 580/580
f 571/571 580/580 572/572
f 588/588 585/585 586/586
f 588/588 586/586 577/577
f 574/574 587/587 576/576
f 574/574 576/576 575/575
f 579/579 578/578 581/581
f 579/579 581/581 580/580
f 1223/1223 1221/1221 578/578
f 1223/1223 578/578 579/579
f 587/587 588/588 577/577
f 587/587 577/577 576/576
f 1208/1208 1223/1223 579/579
f 1208/1208 579/579 571/571
f 585/585 1216/1216 1210/1210
f 585/585 1210/1210 586/586
f 583/583 1218/1218 1214/1214
f 583/583 1214/1214 584/584
f 583/583 582/582 1211/1211
f 583/583 1211/1211 1218/1218
f 1214/1214 1216/1216 585/585
f 1214/1214 585/585 584/584
f 578/578 582/582 583/583
f 578/578 583/583 581/581
f 575/575 576/576 1219/1219
f 575/575 1219/1219 1207/1207
f 576/576 577/577 1220/1220
f 576/576 1220/1220 1219/1219
f 572/572 580/580 589/589
f 572/572 589/589 573/573
f 580/580 581/581 590/590
f 580/580 590/590 589/589
f 573/573 589/589 587/587
f 573/573 587/587 574/574
f 589/589 590/590 588/588
f 589/589 588/588 587/587
f 1225/1225 47/47 45/45
f 1225/1225 45/45 1194/1194
f 48/48 1226/1226 1193/1193
f 48/48 1193/1193 43/43
f 338/338 445/445 322/322
f 338/338 322/322 334/334
f 445/445 338/338 447/447
f 338/338 320/320 447/447
f 684/684 681/681 593/593
f 684/684 593/593 601/601
f 685/685 682/682 596/596
f 685/685 596/596 617/617
f 601/601 593/593 817/817
f 601/601 817/817 818/818
f 602/602 635/635 1194/1194
f 602/602 1194/1194 1183/1183
f 683/683 1195/1195 1184/1184
f 683/683 1184/1184 606/606
f 629/629 716/716 715/715
f 629/629 715/715 630/630
f 597/597 625/625 624/624
f 597/597 624/624 607/607
f 1206/1206 818/818 607/607
f 1206/1206 607/607 1185/1185
f 597/597 817/817 815/815
f 597/597 815/815 619/619
f 682/682 683/683 606/606
f 682/682 606/606 596/596
f 632/632 774/774 772/772
f 632/632 772/772 631/631
f 1196/1196 684/684 601/601
f 1196/1196 601/601 1182/1182
f 1181/1181 604/604 612/612
f 1181/1181 612/612 1188/1188
f 594/594 602/602 611/611
f 594/594 611/611 610/610
f 602/602 1183/1183 1187/1187
f 602/602 1187/1187 611/611
f 613/613 594/594 610/610
f 613/613 610/610 622/622
f 604/604 591/591 609/609
f 604/604 609/609 612/612
f 591/591 614/614 623/623
f 591/591 623/623 609/609
f 645/645 615/615 592/592
f 645/645 592/592 641/641
f 1186/1186 1189/1189 627/627
f 1186/1186 627/627 608/608
f 627/627 632/632 631/631
f 627/627 631/631 626/626
f 629/629 768/768 766/766
f 629/629 766/766 628/628
f 642/642 595/595 616/616
f 642/642 616/616 646/646
f 681/681 686/686 618/618
f 681/681 618/618 593/593
f 624/624 628/628 1192/1192
f 624/624 1192/1192 1190/1190
f 626/626 713/713 707/707
f 626/626 707/707 599/599
f 629/629 630/630 770/770
f 629/629 770/770 768/768
f 625/625 710/710 716/716
f 625/625 716/716 629/629
f 607/607 624/624 1190/1190
f 607/607 1190/1190 1185/1185
f 597/597 711/711 710/710
f 597/597 710/710 625/625
f 816/816 599/599 620/620
f 816/816 620/620 814/814
f 625/625 629/629 628/628
f 625/625 628/628 624/624
f 1191/1191 1197/1197 774/774
f 1191/1191 774/774 632/632
f 628/628 766/766 1199/1199
f 628/628 1199/1199 1192/1192
f 1189/1189 1191/1191 632/632
f 1189/1189 632/632 627/627
f 816/816 819/819 608/608
f 816/816 608/608 599/599
f 1181/1181 1193/1193 633/633
f 1181/1181 633/633 604/604
f 643/643 603/603 595/595
f 643/643 595/595 642/642
f 648/648 636/636 603/603
f 648/648 603/603 643/643
f 650/650 640/640 636/636
f 650/650 636/636 648/648
f 647/647 634/634 639/639
f 647/647 639/639 649/649
f 644/644 605/605 634/634
f 644/644 634/634 647/647
f 782/782 670/670 673/673
f 782/782 673/673 785/785
f 679/679 675/675 783/783
f 781/781 671/671 669/669
f 648/648 668/668 800/800
f 648/648 800/800 650/650
f 666/666 654/654 658/658
f 666/666 658/658 667/667
f 662/662 657/657 656/656
f 662/662 656/656 663/663
f 795/795 653/653 651/651
f 795/795 651/651 793/793
f 797/797 659/659 657/657
f 797/797 657/657 662/662
f 794/794 652/652 655/655
f 794/794 655/655 802/802
f 663/663 656/656 653/653
f 663/663 653/653 795/795
f 802/802 655/655 654/654
f 802/802 654/654 666/666
f 649/649 799/799 661/661
f 649/649 661/661 647/647
f 792/792 794/794 802/802
f 792/792 802/802 801/801
f 646/646 792/792 801/801
f 646/646 801/801 642/642
f 664/664 663/663 795/795
f 664/664 795/795 796/796
f 644/644 664/664 796/796
f 644/644 796/796 641/641
f 801/801 802/802 666/666
f 801/801 666/666 665/665
f 642/642 801/801 665/665
f 642/642 665/665 643/643
f 668/668 667/667 798/798
f 668/668 798/798 800/800
f 678/678 694/694 696/696
f 678/678 696/696 680/680
f 673/673 691/691 690/690
f 673/673 690/690 672/672
f 674/674 692/692 689/689
f 674/674 689/689 671/671
f 670/670 688/688 691/691
f 670/670 691/691 673/673
f 653/653 671/671 781/781
f 657/657 675/675 674/674
f 657/657 674/674 656/656
f 785/785 673/673 672/672
f 785/785 672/672 786/786
f 787/787 678/678 680/680
f 787/787 680/680 784/784
f 609/609 623/623 686/686
f 609/609 686/686 681/681
f 1188/1188 612/612 684/684
f 1188/1188 684/684 1196/1196
f 610/610 611/611 683/683
f 610/610 683/683 682/682
f 611/611 1187/1187 1195/1195
f 611/611 1195/1195 683/683
f 622/622 610/610 682/682
f 622/622 682/682 685/685
f 612/612 609/609 681/681
f 612/612 681/681 684/684
f 695/695 705/705 701/701
f 695/695 701/701 693/693
f 689/689 697/697 676/676
f 689/689 676/676 687/687
f 672/672 690/690 694/694
f 672/672 694/694 678/678
f 675/675 693/693 692/692
f 675/675 692/692 674/674
f 671/671 689/689 687/687
f 671/671 687/687 669/669
f 679/679 695/695 693/693
f 679/679 693/693 675/675
f 700/700 847/847 841/841
f 700/700 841/841 697/697
f 677/677 839/839 845/845
f 677/677 845/845 699/699
f 705/705 854/854 849/849
f 705/705 849/849 701/701
f 697/697 841/841 838/838
f 697/697 838/838 676/676
f 691/691 699/699 698/698
f 691/691 698/698 690/690
f 694/694 704/704 706/706
f 694/694 706/706 696/696
f 690/690 698/698 704/704
f 690/690 704/704 694/694
f 700/700 692/692 693/693
f 700/700 693/693 701/701
f 819/819 1205/1205 1186/1186
f 819/819 1186/1186 608/608
f 817/817 593/593 618/618
f 817/817 618/618 815/815
f 716/716 728/728 727/727
f 716/716 727/727 715/715
f 711/711 723/723 722/722
f 711/711 722/722 710/710
f 713/713 725/725 719/719
f 713/713 719/719 707/707
f 631/631 714/714 713/713
f 631/631 713/713 626/626
f 630/630 715/715 714/714
f 630/630 714/714 631/631
f 832/832 731/731 730/730
f 832/832 730/730 831/831
f 823/823 734/734 735/735
f 823/823 735/735 829/829
f 717/717 721/721 722/722
f 717/717 722/722 723/723
f 725/725 726/726 727/727
f 725/725 727/727 721/721
f 721/721 727/727 728/728
f 721/721 728/728 722/722
f 719/719 725/725 721/721
f 719/719 721/721 717/717
f 710/710 722/722 728/728
f 710/710 728/728 716/716
f 714/714 726/726 725/725
f 714/714 725/725 713/713
f 820/820 733/733 734/734
f 820/820 734/734 823/823
f 715/715 727/727 726/726
f 715/715 726/726 714/714
f 733/733 790/790 789/789
f 733/733 789/789 734/734
f 813/813 738/738 742/742
f 813/813 742/742 790/790
f 812/812 744/744 746/746
f 812/812 746/746 788/788
f 824/824 737/737 736/736
f 824/824 736/736 827/827
f 829/829 735/735 737/737
f 829/829 737/737 824/824
f 827/827 736/736 732/732
f 827/827 732/732 833/833
f 831/831 730/730 729/729
f 831/831 729/729 837/837
f 807/807 750/750 748/748
f 807/807 748/748 809/809
f 809/809 748/748 756/756
f 809/809 756/756 808/808
f 803/803 760/760 764/764
f 803/803 764/764 804/804
f 730/730 813/813 729/729
f 734/734 789/789 812/812
f 734/734 812/812 735/735
f 746/746 745/745 788/788
f 790/790 742/742 743/743
f 790/790 743/743 789/789
f 805/805 752/752 750/750
f 805/805 750/750 807/807
f 804/804 764/764 762/762
f 804/804 762/762 810/810
f 810/810 762/762 753/753
f 810/810 753/753 806/806
f 811/811 758/758 760/760
f 811/811 760/760 803/803
f 769/769 777/777 776/776
f 769/769 776/776 767/767
f 1198/1198 1202/1202 780/780
f 1198/1198 780/780 775/775
f 767/767 776/776 1204/1204
f 767/767 1204/1204 1201/1201
f 773/773 779/779 778/778
f 773/773 778/778 771/771
f 608/608 627/627 626/626
f 608/608 626/626 599/599
f 771/771 778/778 777/777
f 771/771 777/777 769/769
f 775/775 780/780 779/779
f 775/775 779/779 773/773
f 786/786 672/672 678/678
f 786/786 678/678 787/787
f 654/654 786/786 787/787
f 654/654 787/787 658/658
f 658/658 787/787 784/784
f 658/658 784/784 660/660
f 655/655 785/785 786/786
f 655/655 786/786 654/654
f 653/653 781/781 651/651
f 659/659 783/783 657/657
f 652/652 782/782 785/785
f 652/652 785/785 655/655
f 729/729 813/813 790/790
f 729/729 790/790 733/733
f 735/735 812/812 788/788
f 735/735 788/788 737/737
f 738/738 813/813 739/739
f 736/736 745/745 741/741
f 736/736 741/741 732/732
f 737/737 788/788 736/736
f 739/739 813/813 730/730
f 657/657 783/783 675/675
f 656/656 674/674 671/671
f 656/656 671/671 653/653
f 667/667 658/658 660/660
f 667/667 660/660 798/798
f 799/799 797/797 662/662
f 799/799 662/662 661/661
f 641/641 796/796 791/791
f 641/641 791/791 645/645
f 796/796 795/795 793/793
f 796/796 793/793 791/791
f 647/647 661/661 664/664
f 647/647 664/664 644/644
f 661/661 662/662 663/663
f 661/661 663/663 664/664
f 643/643 665/665 668/668
f 643/643 668/668 648/648
f 665/665 666/666 667/667
f 665/665 667/667 668/668
f 641/641 592/592 605/605
f 641/641 605/605 644/644
f 630/630 631/631 772/772
f 630/630 772/772 770/770
f 808/808 756/756 758/758
f 808/808 758/758 811/811
f 742/742 808/808 811/811
f 742/742 811/811 743/743
f 743/743 811/811 803/803
f 743/743 803/803 744/744
f 745/745 810/810 806/806
f 745/745 806/806 741/741
f 746/746 804/804 810/810
f 746/746 810/810 745/745
f 740/740 805/805 807/807
f 740/740 807/807 739/739
f 744/744 803/803 804/804
f 744/744 804/804 746/746
f 738/738 809/809 808/808
f 738/738 808/808 742/742
f 739/739 807/807 809/809
f 739/739 809/809 738/738
f 789/789 743/743 744/744
f 789/789 744/744 812/812
f 731/731 740/740 739/739
f 731/731 739/739 730/730
f 736/736 788/788 745/745
f 697/697 689/689 692/692
f 697/697 692/692 700/700
f 596/596 606/606 819/819
f 596/596 819/819 816/816
f 818/818 817/817 597/597
f 818/818 597/597 607/607
f 596/596 816/816 814/814
f 596/596 814/814 617/617
f 606/606 1184/1184 1205/1205
f 606/606 1205/1205 819/819
f 1182/1182 601/601 818/818
f 1182/1182 818/818 1206/1206
f 837/837 729/729 733/733
f 837/837 733/733 820/820
f 621/621 836/836 821/821
f 621/621 821/821 598/598
f 836/836 837/837 820/820
f 836/836 820/820 821/821
f 600/600 830/830 836/836
f 600/600 836/836 621/621
f 830/830 831/831 837/837
f 830/830 837/837 836/836
f 720/720 826/826 835/835
f 720/720 835/835 709/709
f 826/826 827/827 833/833
f 826/826 833/833 835/835
f 724/724 828/828 825/825
f 724/724 825/825 718/718
f 828/828 829/829 824/824
f 828/828 824/824 825/825
f 718/718 825/825 826/826
f 718/718 826/826 720/720
f 825/825 824/824 827/827
f 825/825 827/827 826/826
f 598/598 821/821 822/822
f 598/598 822/822 712/712
f 821/821 820/820 823/823
f 821/821 823/823 822/822
f 712/712 822/822 828/828
f 712/712 828/828 724/724
f 822/822 823/823 829/829
f 822/822 829/829 828/828
f 708/708 834/834 830/830
f 708/708 830/830 600/600
f 834/834 832/832 831/831
f 834/834 831/831 830/830
f 842/842 857/857 703/703
f 842/842 703/703 840/840
f 850/850 863/863 861/861
f 850/850 861/861 848/848
f 891/891 878/878 874/874
f 891/891 874/874 889/889
f 699/699 845/845 843/843
f 699/699 843/843 698/698
f 704/704 852/852 855/855
f 704/704 855/855 706/706
f 698/698 843/843 852/852
f 698/698 852/852 704/704
f 701/701 849/849 847/847
f 701/701 847/847 700/700
f 702/702 865/865 859/859
f 702/702 859/859 860/860
f 858/858 862/862 865/865
f 858/858 865/865 702/702
f 865/865 868/868 866/866
f 865/865 866/866 859/859
f 862/862 864/864 868/868
f 862/862 868/868 865/865
f 856/856 867/867 863/863
f 856/856 863/863 850/850
f 888/888 881/881 870/870
f 888/888 870/870 886/886
f 848/848 861/861 857/857
f 848/848 857/857 842/842
f 886/886 870/870 869/869
f 886/886 869/869 883/883
f 851/851 871/871 873/873
f 851/851 873/873 875/875
f 875/875 873/873 877/877
f 875/875 877/877 876/876
f 870/870 881/881 879/879
f 870/870 879/879 869/869
f 869/869 879/879 871/871
f 869/869 871/871 851/851
f 884/884 851/851 875/875
f 884/884 875/875 885/885
f 885/885 875/875 876/876
f 885/885 876/876 892/892
f 894/894 872/872 880/880
f 894/894 880/880 893/893
f 889/889 874/874 872/872
f 889/889 872/872 894/894
f 893/893 880/880 882/882
f 893/893 882/882 887/887
f 892/892 876/876 877/877
f 892/892 877/877 890/890
f 688/688 677/677 699/699
f 688/688 699/699 691/691
f 846/846 883/883 884/884
f 846/846 884/884 844/844
f 856/856 892/892 890/890
f 856/856 890/890 867/867
f 860/860 893/893 887/887
f 860/860 887/887 702/702
f 866/866 889/889 894/894
f 866/866 894/894 859/859
f 859/859 894/894 893/893
f 859/859 893/893 860/860
f 853/853 885/885 892/892
f 853/853 892/892 856/856
f 844/844 884/884 885/885
f 844/844 885/885 853/853
f 840/840 886/886 883/883
f 840/840 883/883 846/846
f 703/703 888/888 886/886
f 703/703 886/886 840/840
f 868/868 891/891 889/889
f 868/868 889/889 866/866
f 883/883 869/869 851/851
f 883/883 851/851 884/884
f 907/907 929/929 925/925
f 907/907 925/925 908/908
f 1159/1159 907/907 915/915
f 1159/1159 915/915 1153/1153
f 755/755 911/911 914/914
f 755/755 914/914 757/757
f 759/759 915/915 907/907
f 759/759 907/907 761/761
f 763/763 913/913 910/910
f 763/763 910/910 754/754
f 765/765 908/908 913/913
f 765/765 913/913 763/763
f 1026/1026 1039/1039 1033/1033
f 1026/1026 1033/1033 1138/1138
f 761/761 907/907 908/908
f 761/761 908/908 765/765
f 747/747 912/912 911/911
f 747/747 911/911 755/755
f 1038/1038 754/754 910/910
f 1038/1038 910/910 1040/1040
f 911/911 912/912 924/924
f 911/911 924/924 927/927
f 898/898 1156/1156 1157/1157
f 898/898 1157/1157 905/905
f 1156/1156 910/910 913/913
f 1156/1156 913/913 1157/1157
f 913/913 908/908 925/925
f 913/913 925/925 926/926
f 931/931 917/917 904/904
f 931/931 904/904 945/945
f 935/935 919/919 917/917
f 935/935 917/917 931/931
f 963/963 916/916 906/906
f 963/963 906/906 977/977
f 909/909 1155/1155 896/896
f 967/967 922/922 916/916
f 967/967 916/916 963/963
f 1158/1158 925/925 929/929
f 1158/1158 929/929 1154/1154
f 923/923 895/895 924/924
f 923/923 924/924 928/928
f 1154/1154 929/929 907/907
f 1154/1154 907/907 1159/1159
f 1022/1022 1013/1013 1113/1113
f 1022/1022 1113/1113 1017/1017
f 1117/1117 935/935 931/931
f 1117/1117 931/931 1120/1120
f 1016/1016 937/937 934/934
f 1016/1016 934/934 1116/1116
f 1016/1016 1017/1017 939/939
f 1016/1016 939/939 937/937
f 937/937 920/920 918/918
f 937/937 918/918 934/934
f 1017/1017 1118/1118 942/942
f 1017/1017 942/942 939/939
f 1115/1115 945/945 943/943
f 1115/1115 943/943 1119/1119
f 930/930 944/944 941/941
f 930/930 941/941 933/933
f 1097/1097 951/951 947/947
f 1097/1097 947/947 1091/1091
f 1007/1007 953/953 950/950
f 1007/1007 950/950 1096/1096
f 1007/1007 1008/1008 955/955
f 1007/1007 955/955 953/953
f 961/961 917/917 919/919
f 961/961 919/919 959/959
f 1100/1100 958/958 955/955
f 1100/1100 955/955 1008/1008
f 1093/1093 961/961 959/959
f 1093/1093 959/959 1101/1101
f 946/946 960/960 957/957
f 946/946 957/957 949/949
f 1082/1082 1073/1073 1077/1077
f 1082/1082 1077/1077 1080/1080
f 1000/1000 969/969 966/966
f 1000/1000 966/966 1074/1074
f 1000/1000 1001/1001 971/971
f 1000/1000 971/971 969/969
f 1001/1001 1076/1076 974/974
f 1001/1001 974/974 971/971
f 969/969 923/923 921/921
f 969/969 921/921 966/966
f 1073/1073 977/977 975/975
f 1073/1073 975/975 1077/1077
f 1078/1078 963/963 977/977
f 1078/1078 977/977 1073/1073
f 962/962 976/976 973/973
f 962/962 973/973 965/965
f 1046/1046 983/983 979/979
f 1046/1046 979/979 1043/1043
f 994/994 985/985 982/982
f 994/994 982/982 1045/1045
f 994/994 995/995 987/987
f 994/994 987/987 985/985
f 993/993 916/916 922/922
f 993/993 922/922 991/991
f 1047/1047 990/990 987/987
f 1047/1047 987/987 995/995
f 1044/1044 993/993 991/991
f 1044/1044 991/991 1048/1048
f 978/978 992/992 989/989
f 978/978 989/989 981/981
f 979/979 905/905 916/916
f 979/979 916/916 993/993
f 983/983 898/898 905/905
f 983/983 905/905 979/979
f 947/947 906/906 917/917
f 947/947 917/917 961/961
f 951/951 903/903 906/906
f 951/951 906/906 947/947
f 990/990 921/921 923/923
f 990/990 923/923 987/987
f 985/985 896/896 897/897
f 985/985 897/897 982/982
f 987/987 923/923 896/896
f 987/987 896/896 985/985
f 977/977 906/906 903/903
f 977/977 903/903 975/975
f 971/971 895/895 923/923
f 971/971 923/923 969/969
f 974/974 902/902 895/895
f 974/974 895/895 971/971
f 958/958 918/918 920/920
f 958/958 920/920 955/955
f 953/953 895/895 902/902
f 953/953 902/902 950/950
f 939/939 899/899 920/920
f 939/939 920/920 937/937
f 955/955 920/920 895/895
f 955/955 895/895 953/953
f 945/945 904/904 901/901
f 945/945 901/901 943/943
f 942/942 900/900 899/899
f 942/942 899/899 939/939
f 1058/1058 1051/1051 1054/1054
f 1058/1058 1054/1054 1055/1055
f 1055/1055 1054/1054 1049/1049
f 1055/1055 1049/1049 1056/1056
f 1056/1056 1049/1049 1053/1053
f 1056/1056 1053/1053 1060/1060
f 999/999 1059/1059 1052/1052
f 999/999 1052/1052 995/995
f 998/998 999/999 995/995
f 998/998 995/995 994/994
f 980/980 984/984 998/998
f 980/980 998/998 1065/1065
f 1085/1085 962/962 965/965
f 1085/1085 965/965 1087/1087
f 973/973 976/976 1088/1088
f 973/973 1088/1088 1090/1090
f 1002/1002 1000/1000 1083/1083
f 1002/1002 1083/1083 1067/1067
f 968/968 970/970 1003/1003
f 968/968 1003/1003 1002/1002
f 964/964 968/968 1002/1002
f 964/964 1002/1002 1086/1086
f 970/970 972/972 1089/1089
f 970/970 1089/1089 1003/1003
f 960/960 946/946 1004/1004
f 960/960 1004/1004 1010/1010
f 972/972 970/970 968/968
f 972/972 968/968 964/964
f 988/988 986/986 984/984
f 988/988 984/984 980/980
f 957/957 960/960 1010/1010
f 957/957 1010/1010 1109/1109
f 948/948 952/952 1011/1011
f 948/948 1011/1011 1106/1106
f 1011/1011 1012/1012 1008/1008
f 1011/1011 1008/1008 1007/1007
f 954/954 956/956 1108/1108
f 954/954 1108/1108 1012/1012
f 1020/1020 930/930 933/933
f 1020/1020 933/933 1126/1126
f 1021/1021 1016/1016 1111/1111
f 1021/1021 1111/1111 1018/1018
f 1126/1126 1019/1019 1122/1122
f 1126/1126 1122/1122 1020/1020
f 938/938 940/940 1123/1123
f 938/938 1123/1123 1022/1022
f 940/940 938/938 936/936
f 940/940 936/936 932/932
f 956/956 954/954 952/952
f 956/956 952/952 948/948
f 1041/1041 1026/1026 1131/1131
f 1041/1041 1131/1131 1140/1140
f 1024/1024 1032/1032 1031/1031
f 1024/1024 1031/1031 1030/1030
f 1034/1034 751/751 754/754
f 1034/1034 754/754 1038/1038
f 1040/1040 910/910 1037/1037
f 1035/1035 912/912 747/747
f 1035/1035 747/747 1039/1039
f 1026/1026 1138/1138 1131/1131
f 1135/1135 1038/1038 1040/1040
f 1135/1135 1040/1040 1134/1134
f 1139/1139 1034/1034 1038/1038
f 1139/1139 1038/1038 1135/1135
f 1134/1134 1040/1040 1037/1037
f 1134/1134 1037/1037 1137/1137
f 1136/1136 1036/1036 1035/1035
f 1136/1136 1035/1035 1028/1028
f 1027/1027 1029/1029 1146/1146
f 1027/1027 1146/1146 1042/1042
f 1025/1025 1023/1023 1029/1029
f 1025/1025 1029/1029 1027/1027
f 1053/1053 1049/1049 1044/1044
f 1044/1044 1048/1048 997/997
f 1044/1044 997/997 1053/1053
f 994/994 1045/1045 1050/1050
f 995/995 996/996 1047/1047
f 1051/1051 1046/1046 1043/1043
f 1051/1051 1043/1043 1054/1054
f 1054/1054 1043/1043 1044/1044
f 1054/1054 1044/1044 1049/1049
f 1052/1052 996/996 995/995
f 1043/1043 979/979 993/993
f 1043/1043 993/993 1044/1044
f 1061/1061 1059/1059 999/999
f 1063/1063 1055/1055 1056/1056
f 1063/1063 1056/1056 1064/1064
f 992/992 978/978 1063/1063
f 992/992 1063/1063 1064/1064
f 998/998 1057/1057 1065/1065
f 989/989 992/992 1064/1064
f 989/989 1064/1064 1062/1062
f 986/986 988/988 1061/1061
f 986/986 1061/1061 999/999
f 984/984 986/986 999/999
f 984/984 999/999 998/998
f 1063/1063 978/978 981/981
f 1063/1063 981/981 1066/1066
f 998/998 994/994 1050/1050
f 998/998 1050/1050 1057/1057
f 1066/1066 1058/1058 1055/1055
f 1066/1066 1055/1055 1063/1063
f 1064/1064 1056/1056 1060/1060
f 1064/1064 1060/1060 1062/1062
f 1075/1075 967/967 963/963
f 1075/1075 963/963 1078/1078
f 1002/1002 1067/1067 1086/1086
f 1084/1084 1075/1075 1078/1078
f 1084/1084 1078/1078 1081/1081
f 1079/1079 1076/1076 1001/1001
f 1002/1002 1003/1003 1001/1001
f 1002/1002 1001/1001 1000/1000
f 976/976 962/962 1085/1085
f 976/976 1085/1085 1088/1088
f 1070/1070 1081/1081 1082/1082
f 1070/1070 1082/1082 1069/1069
f 1068/1068 1084/1084 1081/1081
f 1068/1068 1081/1081 1070/1070
f 1081/1081 1078/1078 1073/1073
f 1081/1081 1073/1073 1082/1082
f 1003/1003 1071/1071 1079/1079
f 1003/1003 1079/1079 1001/1001
f 1088/1088 1069/1069 1072/1072
f 1088/1088 1072/1072 1090/1090
f 1087/1087 1068/1068 1070/1070
f 1087/1087 1070/1070 1085/1085
f 1000/1000 1074/1074 1083/1083
f 1085/1085 1070/1070 1069/1069
f 1085/1085 1069/1069 1088/1088
f 1089/1089 1071/1071 1003/1003
f 1069/1069 1082/1082 1080/1080
f 1069/1069 1080/1080 1072/1072
f 1009/1009 1092/1092 1099/1099
f 1009/1009 1099/1099 1006/1006
f 1103/1103 1102/1102 1092/1092
f 1103/1103 1092/1092 1009/1009
f 952/952 954/954 1012/1012
f 952/952 1012/1012 1011/1011
f 1095/1095 1102/1102 1103/1103
f 1095/1095 1103/1103 1105/1105
f 1091/1091 947/947 961/961
f 1091/1091 961/961 1093/1093
f 1009/1009 1010/1010 1004/1004
f 1009/1009 1004/1004 1103/1103
f 1098/1098 1100/1100 1008/1008
f 1007/1007 1096/1096 1094/1094
f 1095/1095 1097/1097 1091/1091
f 1095/1095 1091/1091 1102/1102
f 1092/1092 1102/1102 1091/1091
f 1092/1092 1091/1091 1093/1093
f 1103/1103 1004/1004 1107/1107
f 1103/1103 1107/1107 1105/1105
f 1006/1006 1109/1109 1010/1010
f 1006/1006 1010/1010 1009/1009
f 1011/1011 1007/1007 1094/1094
f 1011/1011 1094/1094 1104/1104
f 1104/1104 1106/1106 1011/1011
f 1092/1092 1093/1093 1101/1101
f 1092/1092 1101/1101 1099/1099
f 1012/1012 1005/1005 1098/1098
f 1012/1012 1098/1098 1008/1008
f 1004/1004 946/946 949/949
f 1004/1004 949/949 1107/1107
f 1005/1005 1012/1012 1108/1108
f 1021/1021 1022/1022 1017/1017
f 1021/1021 1017/1017 1016/1016
f 1127/1127 1121/1121 1114/1114
f 1127/1127 1114/1114 1014/1014
f 1123/1123 1013/1013 1022/1022
f 1122/1122 1110/1110 1121/1121
f 1122/1122 1121/1121 1127/1127
f 1112/1112 1110/1110 1122/1122
f 1112/1112 1122/1122 1019/1019
f 1124/1124 1015/1015 1127/1127
f 1124/1124 1127/1127 1014/1014
f 936/936 938/938 1022/1022
f 936/936 1022/1022 1021/1021
f 1020/1020 1122/1122 1127/1127
f 1020/1020 1127/1127 1015/1015
f 1021/1021 1018/1018 1125/1125
f 1121/1121 1110/1110 1120/1120
f 1121/1121 1120/1120 1115/1115
f 1114/1114 1121/1121 1115/1115
f 1114/1114 1115/1115 1119/1119
f 1120/1120 1110/1110 1112/1112
f 1120/1120 1112/1112 1117/1117
f 1118/1118 1017/1017 1113/1113
f 941/941 944/944 1015/1015
f 941/941 1015/1015 1124/1124
f 1120/1120 931/931 945/945
f 1120/1120 945/945 1115/1115
f 932/932 936/936 1021/1021
f 932/932 1021/1021 1125/1125
f 1111/1111 1016/1016 1116/1116
f 944/944 930/930 1020/1020
f 944/944 1020/1020 1015/1015
f 1141/1141 1132/1132 1128/1128
f 1141/1141 1128/1128 1144/1144
f 1144/1144 1128/1128 1133/1133
f 1144/1144 1133/1133 1145/1145
f 1145/1145 1133/1133 1130/1130
f 1145/1145 1130/1130 1143/1143
f 1042/1042 1142/1142 1129/1129
f 1042/1042 1129/1129 1028/1028
f 1132/1132 1139/1139 1135/1135
f 1132/1132 1135/1135 1128/1128
f 1128/1128 1135/1135 1134/1134
f 1128/1128 1134/1134 1133/1133
f 1133/1133 1134/1134 1137/1137
f 1133/1133 1137/1137 1130/1130
f 1028/1028 1035/1035 1039/1039
f 1028/1028 1039/1039 1026/1026
f 1129/1129 1136/1136 1028/1028
f 1030/1030 1031/1031 1151/1151
f 1030/1030 1151/1151 1147/1147
f 1031/1031 1032/1032 1148/1148
f 1031/1031 1148/1148 1151/1151
f 1032/1032 1024/1024 1150/1150
f 1032/1032 1150/1150 1148/1148
f 1149/1149 1023/1023 1025/1025
f 1149/1149 1025/1025 1041/1041
f 1041/1041 1042/1042 1028/1028
f 1041/1041 1028/1028 1026/1026
f 1146/1146 1142/1142 1042/1042
f 1151/1151 1145/1145 1143/1143
f 1151/1151 1143/1143 1147/1147
f 1148/1148 1144/1144 1145/1145
f 1148/1148 1145/1145 1151/1151
f 1150/1150 1141/1141 1144/1144
f 1150/1150 1144/1144 1148/1148
f 1041/1041 1140/1140 1149/1149
f 1025/1025 1027/1027 1042/1042
f 1025/1025 1042/1042 1041/1041
f 1039/1039 747/747 749/749
f 1039/1039 749/749 1033/1033
f 927/927 920/920 899/899
f 927/927 899/899 911/911
f 1160/1160 926/926 925/925
f 1160/1160 925/925 1158/1158
f 924/924 895/895 920/920
f 924/924 920/920 927/927
f 1160/1160 916/916 905/905
f 1160/1160 905/905 1157/1157
f 1153/1153 901/901 904/904
f 1153/1153 904/904 1159/1159
f 917/917 906/906 1158/1158
f 917/917 1158/1158 1154/1154
f 1159/1159 904/904 917/917
f 1159/1159 917/917 1154/1154
f 1152/1152 914/914 911/911
f 1152/1152 911/911 899/899
f 900/900 1152/1152 899/899
f 1155/1155 897/897 896/896
f 1158/1158 906/906 916/916
f 1158/1158 916/916 1160/1160
f 909/909 896/896 923/923
f 909/909 923/923 928/928
f 1157/1157 913/913 926/926
f 1157/1157 926/926 1160/1160
f 778/778 1163/1163 1162/1162
f 778/778 1162/1162 777/777
f 776/776 1161/1161 1209/1209
f 776/776 1209/1209 1204/1204
f 779/779 1164/1164 1163/1163
f 779/779 1163/1163 778/778
f 780/780 1165/1165 1164/1164
f 780/780 1164/1164 779/779
f 1202/1202 1207/1207 1165/1165
f 1202/1202 1165/1165 780/780
f 777/777 1162/1162 1161/1161
f 777/777 1161/1161 776/776
f 1180/1180 1178/1178 1175/1175
f 1180/1180 1175/1175 1174/1174
f 1171/1171 1180/1180 1174/1174
f 1171/1171 1174/1174 1173/1173
f 1167/1167 1220/1220 1210/1210
f 1167/1167 1210/1210 1176/1176
f 1222/1222 1168/1168 1172/1172
f 1222/1222 1172/1172 1212/1212
f 1161/1161 1162/1162 1170/1170
f 1161/1161 1170/1170 1169/1169
f 1178/1178 1167/1167 1176/1176
f 1178/1178 1176/1176 1175/1175
f 1164/1164 1165/1165 1166/1166
f 1164/1164 1166/1166 1177/1177
f 1169/1169 1170/1170 1171/1171
f 1169/1169 1171/1171 1168/1168
f 1224/1224 1169/1169 1168/1168
f 1224/1224 1168/1168 1222/1222
f 1177/1177 1166/1166 1167/1167
f 1177/1177 1167/1167 1178/1178
f 1209/1209 1161/1161 1169/1169
f 1209/1209 1169/1169 1224/1224
f 1175/1175 1176/1176 1210/1210
f 1175/1175 1210/1210 1215/1215
f 1173/1173 1174/1174 1213/1213
f 1173/1173 1213/1213 1217/1217
f 1173/1173 1217/1217 1212/1212
f 1173/1173 1212/1212 1172/1172
f 1213/1213 1174/1174 1175/1175
f 1213/1213 1175/1175 1215/1215
f 1168/1168 1171/1171 1173/1173
f 1168/1168 1173/1173 1172/1172
f 1165/1165 1207/1207 1219/1219
f 1165/1165 1219/1219 1166/1166
f 1166/1166 1219/1219 1220/1220
f 1166/1166 1220/1220 1167/1167
f 1162/1162 1163/1163 1179/1179
f 1162/1162 1179/1179 1170/1170
f 1170/1170 1179/1179 1180/1180
f 1170/1170 1180/1180 1171/1171
f 1163/1163 1164/1164 1177/1177
f 1163/1163 1177/1177 1179/1179
f 1179/1179 1177/1177 1178/1178
f 1179/1179 1178/1178 1180/1180
f 1225/1225 1194/1194 635/635
f 1225/1225 635/635 637/637
f 638/638 633/633 1193/1193
f 638/638 1193/1193 1226/1226
f 928/928 924/924 912/912
f 928/928 912/912 1035/1035
f 1035/1035 1036/1036 928/928
f 1036/1036 909/909 928/928
